Workbook

Sheet Effektkalkulator ice
A1: Effektberegning på bestemt oppsett av sektorer pr. modell
A2: Effektkalkulator ICE -V5.0
A3: Siteinformasjon | C3: Bruksanvisning effektkalkulator: For å beregne effekttrekk, legg inn antall sektorer pr. modell i cellene B22-B25. Videre brukes cellene B28 + B29 brukes dersom Ice har CSR og/eller RL på site. Kalkulator beregner effekt ved normaldrift i tillegg til snitteffekt etter nettutfall over 2 timer. Eksempel; Large konfig på 3 sektorer gir "3" i celle B24, mens 1x Small, 1x Medium og 1x Large gir "1" i hhv. B22, B23 og B24. Blå felter er input-data. Det er også mulig å legge inn tilgjengelig kapasitet i likeretter i celle B49 + B50 for å sjekke om et gitt valg av sektorer pr. modell kan tilbys innenfor gjeldende kapasitet. Tabell i rad 54 beskriver behov for 48V vern i likeretter til Ice PDU.
A4: Site-ID ICE | B4: MOR07876
A5: Sitenavn ICE | B5: Nørvevika 78
A6: Stasjonseier | B6: Other
A7: Site-ID - Stasjonseier
A8: Sitenavn - Stasjonseier
A9: INSA signatur - Stasjonseier
A10: Dato | B10: 46013
A11: Saksbehandler | B11: Regimantas Kaikaris
A20: Input-data - Effektberegning | B20: Kalkulator bruker ICE-effekter og beregner totalt ift. valgt sammensetning
A21: =_xlfn.CONCAT("Modellsite ice: ",IF(AND(B24>=1,B25>=1),"LARGE + 450",IF(AND(B23>=1,B25>=1),"MEDIUM + 450",IF(AND(B22>=1,B25>=1),"SMALL + 450",IF(B24>=1,"LARGE",IF(B23>=1,"MEDIUM",IF(B22>=1,"SMALL",))))))," (sitenivå)") -> Modellsite ice: LARGE (sitenivå) | B21: Antall sektorer/ baseband | C21: Effekt normaldrift "busy hour" | D21: ICE normaltdrift snitteffekt | E21: Effekt normaltdrift 80% av maks | F21: ICE Effekt batteridrift (450Mhz+800Mhz aktiv) 100% av maks
A22: Small | B22: 0 | C22: 571 | D22: 301 | E22: =0.8*864 -> 691.2 | F22: 540
A23: Medium | C23: =C22+813 -> 1384 | D23: =D22+330 -> 631 | E23: =E22+0.8*1252 -> 1692.8 | F23: 735
A24: Large | B24: 3 | C24: =C23+750 -> 2134 | D24: =D23+396 -> 1027 | E24: =E23+0.8*864 -> 2384 | F24: 1010
A25: Antall sektorer 450Mhz | D25: 176 | E25: =351*0.8 -> 280.8 | F25: 351
A26: Baseband 1 | B26: =IF(AND(OR(B22>0,B23>0),B24=0),1,0) -> 0 | C26: 227 | D26: 227 | E26: 227 | F26: 227
A27: Baseband 2 (N35) | B27: =IF(B24>0,1,0) -> 1 | C27: 376 | D27: 376 | E27: 376 | F27: 376
A28: Basestasjonsaksess (CSR) | B28: 1 | C28: 100 | D28: 100 | E28: 100 | F28: 100
A29: Komplett radiolinje | B29: 0 | C29: 100 | D29: 100 | E29: 100 | F29: 100
A31: Behov likerettermoduler | B31: =B155 -> 5
A32: Maks effekt normaldrift (80% av maks) | B32: =$B$22*E22+$B$23*E23+$B$24*E24+$B$26*E26+$B$27*E27+$B$25*E25+B28*E28+B29*E29 -> 7628 | C32: Dimensjonerende effekt likeretter
A33: Totalt effekttrekk - normaltdrift ICE | B33: =$B$22*D22+$B$23*D23+$B$24*D24+$B$26*D26+$B$27*D27+B25*D25+B28*D28+B29*D29 -> 3557 | C33: Dette er effekten vi forventer å bruke i gjennomsnitt
A34: Totalt effekttrekk - normaltdrift ICE | B34: =B33/1000 -> 3.557
A35: Totalt effekttrekk batteridrift inntil 10 min | B35: =$B$22*E22+$B$23*E23+$B$24*E24+$B$26*E26+$B$27*E27+B25*E25+B28*E28+B29*E29 -> 7628
A36: Totalt effekttrekk batteridrift etter 10 min | B36: =$B$22*F22+$B$23*F23+$B$24*F24+$B$26*F26+$B$27*F27+B25*F25+B28*F28+B29*F29 -> 3506
A37: Gjennomsnittlig effekt - 2 timer batteridrift | B37: =AVERAGE(B35,B36,B36,B36,B36,B36,B36,B36,B36,B36,B36,B36) -> 3849.5 | C37: Dimensjonerende effekt batterikapasitet
A38: Gjennomsnittlig effekt - 4 timer batteridrift | B38: =AVERAGE(B35,B36,B36,B36,B36,B36,B36,B36,B36,B36,B36,B36,B36,B36,B36,B36,B36,B36,B36,B36,B36,B36,B36,B36) -> 3677.75
A39: Behov batteristrenger (2t backupkrav): | B39: =ROUNDUP(Batteriutregninger!D3/4,0) -> 2 | C39: Behov batteristrenger (4t backupkrav): | E39: =ROUNDUP(Batteriutregninger!D4/4,0) -> 3 | F39: Behov 2t/4t i antall batteristrenger (1 stk streng = 4 stk batteri blokker)
A41: Energiforbruk pr dag | B41: =B34*24 -> 85.368
A42: Energiforbruk pr. måned | B42: =B34*8760/12 -> 2596.61
A43: Energiforbruk pr. år | B43: =B34*8760 -> 31159.32
A44: Energikostnad pr. dag | B44: =$B$17*B41 -> 0
A45: Energikostnad pr. måned | B45: =$B$17*B42 -> 0
A46: Energikostnad pr. år | B46: =$B$17*B43 -> 0
A49: Test av likeretter mot planlagt oppsett | B49: Tilgjengelig effekt >= Forespurt effekt | E49: Likeretterkalkulator flagger om batterier har kapasitet nødvendig kapasitet pr. time. Eksempel: Om batteribank har kapasitet til 2kW belastning pr. time vil kalkulator flagger grønt ved effekt i batteridrift <= 2kW
A50: Tilgjengelig effekt likeretter - normaltdrift | B50: 16000 | C50: =IF(B50>=B32,"JA","NEI") -> JA
A51: Tilgjengelig effekt - batteridrift pr. time | B51: 6434 | C51: =IF(B51>=B37,"JA","NEI") -> JA
A56: Beregning vern i likeretter basert på bestemt modelloppsett (brukes kun ved samlok)
A57: ='Beregning vern LR'!K1 -> 0 | B57: Ice PDU - Forespurt vern likeretter
A58: ='Beregning vern LR'!K2 -> 0 | B58: ='Beregning vern LR'!L2 -> PDU vern - Modell S, M og L | D58: ='Beregning vern LR'!N2 -> PDU vern ved 450Mhz | E58: Kommentar
A59: ='Beregning vern LR'!K3 -> 0 | B59: ='Beregning vern LR'!L3 -> PDU vern A | C59: ='Beregning vern LR'!M3 -> PDU vern B | D59: ='Beregning vern LR'!N3 -> PDU vern C | E59: Tabell gjelder kun inplassering hos andre operatører, hvor ice tilkobler likerettervern hos andre. Linje 61 angir standardvalg om tilgjengelig vern, mens linje 62 og 63 hhv. prioritet 2 og 3, dersom prioritet 1 ikke er mulig uten større kostnader i form av anleggsbidrag ved oppgradering likeretter.
A60: ='Beregning vern LR'!K4 -> Dimensjonerende effekt - 80% av maks [W] | B60: ='Beregning vern LR'!L4 -> 4378 | C60: ='Beregning vern LR'!M4 -> 3295.6 | D60: ='Beregning vern LR'!N4 -> 0
A61: ='Beregning vern LR'!K5 -> Dimmensjonerende strøm [A] @38V ved RRH | B61: ='Beregning vern LR'!L5 -> 115.21053 | C61: ='Beregning vern LR'!M5 -> 86.726316 | D61: ='Beregning vern LR'!N5 -> 0
A62: ='Beregning vern LR'!K6 -> Alternativ 1 (standard) | B62: ='Beregning vern LR'!L6 -> 125 | C62: ='Beregning vern LR'!M6 -> 125 | D62: ='Beregning vern LR'!N6 -> N/A
A63: ='Beregning vern LR'!K7 -> Alternativ 2 | B63: ='Beregning vern LR'!L7 -> 125 | C63: ='Beregning vern LR'!M7 -> 125 | D63: ='Beregning vern LR'!N7 -> N/A
A64: ='Beregning vern LR'!K8 -> Alternativ 3 | B64: ='Beregning vern LR'!L8 -> 125 | C64: ='Beregning vern LR'!M8 -> 100 | D64: ='Beregning vern LR'!N8 -> N/A
E65: ='Beregning vern LR'!O7 -> 0 | G65: ='Beregning vern LR'!P7 -> 0
A66: NB; Behov for standard vern er gitt av celle B60+C60+D60, mens alternative vern er gitt i celle B61/62+C61/62+D61/62 --> Alternative vern vurderes når standard vern bidrar til økt anleggsbidrag fra stasjonseier. | G66: ='Beregning vern LR'!P8 -> 0
A68: Beregning DC-kabler (velg først antall sektorer pr. modell i celle B21-B24)
A69: Sektor | B69: Lengde | C69: Tverrsnitt kabel | D69: 380V DC | E69: Kommentar
A70: ='Beregning kabler'!G8 -> Lengde sektor 1 - Lavbånd RRH (7/8/9) | B70: 28 | C70: =IF('Beregning kabler'!I8="380V DC",6,'Beregning kabler'!I8) -> 10 | D70: =IF('Beregning kabler'!J8="380V DC","X",0) -> 0 | E70: =IF(D70="x","Prosjekter for HVDC-løsning","")
A71: ='Beregning kabler'!G9 -> Lengde sektor 1 - Mid-band RRH (18/21) | B71: 28 | C71: =IF('Beregning kabler'!I9="380V DC",6,'Beregning kabler'!I9) -> 10
A72: ='Beregning kabler'!G10 -> Lengde sektor 1 - High-band (N35) | B72: 32 | C72: =IF('Beregning kabler'!I10="380V DC",6,'Beregning kabler'!I10) -> 10
A73: ='Beregning kabler'!G11 -> Lengde sektor 2 - Lavbånd RRH (7/8/9) | B73: 53 | C73: =IF('Beregning kabler'!I11="380V DC",6,'Beregning kabler'!I11) -> 16 | D73: =IF('Beregning kabler'!J11="380V DC","X",0) -> 0 | E73: =IF(D73="x","Prosjekter for HVDC-løsning","")
A74: ='Beregning kabler'!G12 -> Lengde sektor 2 - Mid-band RRH (18/21) | B74: 53 | C74: =IF('Beregning kabler'!I12="380V DC",6,'Beregning kabler'!I12) -> 16
A75: ='Beregning kabler'!G13 -> Lengde sektor 2 - High-band (N35) | B75: 57 | C75: =IF('Beregning kabler'!I13="380V DC",6,'Beregning kabler'!I13) -> 16
A76: ='Beregning kabler'!G14 -> Lengde sektor 3 - Lavbånd RRH (7/8/9) | B76: 28 | C76: =IF('Beregning kabler'!I14="380V DC",6,'Beregning kabler'!I14) -> 10 | D76: =IF('Beregning kabler'!J14="380V DC","X",0) -> 0 | E76: =IF(D76="x","Prosjekter for HVDC-løsning","")
A77: ='Beregning kabler'!G15 -> Lengde sektor 3 - Mid-band RRH (18/21) | B77: 28 | C77: =IF('Beregning kabler'!I15="380V DC",6,'Beregning kabler'!I15) -> 10
A78: ='Beregning kabler'!G16 -> Lengde sektor 3 - High-band (N35) | B78: 32 | C78: =IF('Beregning kabler'!I16="380V DC",6,'Beregning kabler'!I16) -> 10
A79: ='Beregning kabler'!G17 -> 0 | B79: 0 | C79: =IF('Beregning kabler'!I17="380V DC",6,'Beregning kabler'!I17) -> 6 | D79: =IF('Beregning kabler'!J17="380V DC","X",0) -> 0 | E79: =IF(D79="x","Prosjekter for HVDC-løsning","")
A80: ='Beregning kabler'!G18 -> 0 | B80: 0 | C80: =IF('Beregning kabler'!I18="380V DC",6,'Beregning kabler'!I18) -> 6
A81: ='Beregning kabler'!G19 -> 0 | B81: 0 | C81: =IF('Beregning kabler'!I19="380V DC",6,'Beregning kabler'!I19) -> 6
A82: ='Beregning kabler'!G20 -> 0 | C82: =IF('Beregning kabler'!I20="380V DC",6,'Beregning kabler'!I20) -> 6 | D82: =IF('Beregning kabler'!J20="380V DC","X",0) -> 0 | E82: =IF(D82="x","Prosjekter for HVDC-løsning","")
A83: ='Beregning kabler'!G21 -> 0 | B83: 0 | C83: =IF('Beregning kabler'!I21="380V DC",6,'Beregning kabler'!I21) -> 6
A84: ='Beregning kabler'!G22 -> 0 | B84: 0 | C84: =IF('Beregning kabler'!I22="380V DC",6,'Beregning kabler'!I22) -> 6
A85: ='Beregning kabler'!G23 -> 0 | B85: 0 | C85: =IF('Beregning kabler'!I23="380V DC",6,'Beregning kabler'!I23) -> 6
A86: Oppsummering DC kabler
D87: Kommentar
A88: Sum 4mm2 DC kabel | B88: =SUMIF($C$70:$C$85,4,$B$70:$B$85) -> 0 | D88: Tabell angir sum DC kabler iht. tverrsnitt [m] MERK; Kapp er ikke medregnet I lengdebeskrivelser
A89: Sum 6mm2 DC kabel | B89: =SUMIF($C$70:$C$85,6,$B$70:$B$85) -> 0
A90: Sum 10mm2 DC kabel | B90: =SUMIF($C$70:$C$85,10,$B$70:$B$85) -> 176
A91: Sum 16mm2 DC kabel | B91: =SUMIF($C$70:$C$85,16,$B$70:$B$85) -> 163
A92: Sum 25mm2 DC kabel | B92: =SUMIF($C$70:$C$85,25,$B$70:$B$85) -> 0
A93: Sum 35mm2 DC kabel | B93: =SUMIF($C$70:$C$85,35,$B$70:$B$85) -> 0
A94: Sum 50mm2 DC kabel | B94: =SUMIF($C$70:$C$85,50,$B$70:$B$85) -> 0
A95: Total lengde DC kabler på tvers av sektorer | B95: =SUM(B88:B94) -> 339
B99: Flagg 2 | C99: Flagg 3 | D99: Flagg 4 | E99: Flagg 5
B100: ='Beregning kabler'!I8="380V DC" -> FALSE | C100: =AND(C70=6,D70="X") -> FALSE | D100: =AND(NOT(C70=6),D70="X") -> FALSE | E100: FALSE
B101: ='Beregning kabler'!I9="380V DC" -> FALSE | C101: =AND(C71=6,D70="X") -> FALSE | D101: =AND(NOT(C71=6),D70="X") -> FALSE
B102: ='Beregning kabler'!I10="380V DC" -> FALSE | C102: =AND(C72=6,D70="X") -> FALSE | D102: =AND(NOT(C72=6),D70="X") -> FALSE
B103: ='Beregning kabler'!I11="380V DC" -> FALSE | C103: =AND(C73=6,D73="X") -> FALSE | D103: =AND(NOT(C73=6),D73="X") -> FALSE
B104: ='Beregning kabler'!I12="380V DC" -> FALSE | C104: =AND(C74=6,D73="X") -> FALSE | D104: =AND(NOT(C74=6),D73="X") -> FALSE
B105: ='Beregning kabler'!I13="380V DC" -> FALSE | C105: =AND(C75=6,D73="X") -> FALSE | D105: =AND(NOT(C75=6),D73="X") -> FALSE
B106: ='Beregning kabler'!I14="380V DC" -> FALSE | C106: =AND(C76=6,D76="X") -> FALSE | D106: =AND(NOT(C76=6),D76="X") -> FALSE
B107: ='Beregning kabler'!I15="380V DC" -> FALSE | C107: =AND(C77=6,D76="X") -> FALSE | D107: =AND(NOT(C77=6),D76="X") -> FALSE
B108: ='Beregning kabler'!I16="380V DC" -> FALSE | C108: =AND(C78=6,D76="X") -> FALSE | D108: =AND(NOT(C78=6),D76="X") -> FALSE
B109: ='Beregning kabler'!I17="380V DC" -> FALSE | C109: =AND(C79=6,D79="X") -> FALSE | D109: =AND(NOT(C79=6),D79="X") -> FALSE
B110: ='Beregning kabler'!I18="380V DC" -> FALSE | C110: =AND(C80=6,D79="X") -> FALSE | D110: =AND(NOT(C80=6),D79="X") -> FALSE | G110: Test av maks antall sektorer eks. 450Mhz <= 4 stk
B111: ='Beregning kabler'!I19="380V DC" -> FALSE | C111: =AND(C81=6,D79="X") -> FALSE | D111: =AND(NOT(C81=6),D79="X") -> FALSE | G111: =IF(B22+B23+B24<=4,TRUE,FALSE) -> TRUE
B112: ='Beregning kabler'!I20="380V DC" -> FALSE | C112: =AND(C82=6,D82="X") -> FALSE | D112: =AND(NOT(C82=6),D82="X") -> FALSE
B113: ='Beregning kabler'!I21="380V DC" -> FALSE | C113: =AND(C83=6,D82="X") -> FALSE | D113: =AND(NOT(C83=6),D82="X") -> FALSE
B114: ='Beregning kabler'!I22="380V DC" -> FALSE | C114: =AND(C84=6,D82="X") -> FALSE | D114: =AND(NOT(C84=6),D82="X") -> FALSE
B115: ='Beregning kabler'!I23="380V DC" -> FALSE | C115: =AND(C85=6,D82="X") -> FALSE | D115: =AND(NOT(C85=6),D82="X") -> FALSE
A117: Beregning AC vern og kabler
A118: Hoveddata el-anlegg
A119: Nettsystem | B119: IT-230V | C119: Velg spenningssystem
A120: Dimensjonerende Ik2pmin | B120: 5 | C120: Legg inn verdi, oppgitt fra nettselskap (AC fordeling huseier)
A121: Dimensjonerende Ik3pmaks | B121: 5 | C121: Legg inn verdi, oppgitt fra nettselskap (AC fordeling huseier)
...

Sheet Beregning vern LR
A1: Beregning LR-vern | B1: Standard vern (minimum) | G1: Dimmensjonerende effekt effekt [W] | I1: Dimensjonerende belastningsstrøm @38V ved RRH [A] | L1: Vern ice PDU - Basert på valgt konfig
L2: PDU vern - Modell S, M og L | N2: PDU vern ved 450Mhz
L3: PDU vern A | M3: PDU vern B | N3: PDU vern C
K4: Dimensjonerende effekt - 80% av maks [W] | L4: =L26 -> 4378 | M4: =N26 -> 3295.6 | N4: =N29 -> 0
B5: 1xC125A | C5: 1xC100A | D5: 1xC63A | G5: Total effekt | I5: Total laststrøm | K5: Dimmensjonerende strøm [A] @38V ved RRH | L5: =L4/38 -> 115.21053 | M5: =M4/38 -> 86.726316 | N5: =N4/38 -> 0
A6: Large | B6: 2 | G6: ='Effektkalkulator ice'!B32 -> 7628 | I6: =G6/38 -> 200.73684 | K6: Alternativ 1 (standard) | L6: =IF(AND($B$16>0,$B$17=0,$B$18=0),63,IF(L5>125,"> 125 A",125)) -> 125 | M6: =IF(AND($B$16>0,$B$17=0,$B$18=0),63,IF(M5>125,"> 125 A",125)) -> 125 | N6: =IF(B19>0,63,"N/A") -> N/A
A7: Large + 450 | B7: 2 | D7: 1 | K7: Alternativ 2 | L7: =IF(L$5<=63,63,IF(L$5<=125,125,"> 125 A")) -> 125 | M7: =IF(M$5<=63,63,IF(M$5<=125,125,"> 125 A")) -> 125 | N7: =IF(B19=0,"N/A",IF(N$5<=32,32,IF(N$5<=63,63,IF(B19>0,">63 A")))) -> N/A
A8: Medium | C8: 2 | K8: Alternativ 3 | L8: =IF(L$5<=32,32,IF(L$5<=63,63,IF(L$5<=80,80,IF(L$5<=100,100,IF(L$5<=125,125,"> 125 A"))))) -> 125 | M8: =IF(M$5<=32,32,IF(M$5<=63,63,IF(M$5<=80,80,IF(M$5<=100,100,IF(M$5<=125,125,"> 125 A"))))) -> 100 | N8: =IF(B19=0,"N/A",IF(N$5<=16,16,IF(N$5<=32,32,IF(N$5<=63,63,IF(N$5<=125,125,"> 63 A"))))) -> N/A
A9: Medium + 450 | C9: 2 | D9: 1 | G9: Fordelt effekt | I9: Fordelt laststrøm
A10: Small | D10: 2 | G10: Effekt eksklusive 450Mhz | H10: Effekt 450Mhz | I10: Laststrøm eksklusive 450Mhz | J10: Laststrøm 450Mhz
A11: Small + 450 | D11: 3 | G11: =G6-H11 -> 7628 | H11: ='Effektkalkulator ice'!B25*'Effektkalkulator ice'!E25 -> 0 | I11: =G11/38 -> 200.73684 | J11: =H11/38 -> 0
A14: ='Effektkalkulator ice'!A20 -> Input-data - Effektberegning | B14: ='Effektkalkulator ice'!B20 -> Kalkulator bruker ICE-effekter og beregner totalt ift. valgt sammensetning | C14: ='Effektkalkulator ice'!C20 -> 0 | D14: ='Effektkalkulator ice'!D20 -> 0 | F14: ='Effektkalkulator ice'!E20 -> 0 | G14: ='Effektkalkulator ice'!G20 -> 0 | H14: ='Effektkalkulator ice'!I20 -> 0 | K14: Vern PDU | L14: Effekter PDU vern A | N14: Effekter PDU vern B
A15: ='Effektkalkulator ice'!A21 -> Modellsite ice: LARGE (sitenivå) | B15: ='Effektkalkulator ice'!B21 -> Antall sektorer/ baseband | C15: ='Effektkalkulator ice'!C21 -> Effekt normaldrift "busy hour" | D15: ='Effektkalkulator ice'!D21 -> ICE normaltdrift snitteffekt | E15: ICE normaltdrift snitteffekt | F15: ='Effektkalkulator ice'!E21 -> Effekt normaltdrift 80% av maks | G15: ='Effektkalkulator ice'!F21 -> ICE Effekt batteridrift (450Mhz+800Mhz aktiv) 100% av maks | H15: ='Effektkalkulator ice'!I21 -> 0 | K15: #RRH Type | L15: Lavbånd RRH | M15: Aktiv N35 | N15: Mid-band RRH
A16: ='Effektkalkulator ice'!A22 -> Small | B16: ='Effektkalkulator ice'!B22 -> 0 | C16: ='Effektkalkulator ice'!C22 -> 571 | D16: ='Effektkalkulator ice'!D22 -> 301 | E16: 308 | F16: ='Effektkalkulator ice'!E22 -> 691.2 | G16: ='Effektkalkulator ice'!F22 -> 540 | H16: ='Effektkalkulator ice'!#REF! -> #REF! | K16: Antall RRH | L16: =B16 -> 0 | N16: 0
A17: ='Effektkalkulator ice'!A23 -> Medium | B17: ='Effektkalkulator ice'!B23 -> 0 | C17: ='Effektkalkulator ice'!C23 -> 1384 | D17: ='Effektkalkulator ice'!D23 -> 631 | E17: =E16+330 -> 638 | F17: ='Effektkalkulator ice'!E23 -> 1692.8 | G17: ='Effektkalkulator ice'!F23 -> 735 | H17: ='Effektkalkulator ice'!#REF! -> #REF! | L17: =B17 -> 0 | N17: =B17 -> 0
A18: ='Effektkalkulator ice'!A24 -> Large | B18: ='Effektkalkulator ice'!B24 -> 3 | C18: ='Effektkalkulator ice'!C24 -> 2134 | D18: ='Effektkalkulator ice'!D24 -> 1027 | E18: =E17+396 -> 1034 | F18: ='Effektkalkulator ice'!E24 -> 2384 | G18: ='Effektkalkulator ice'!F24 -> 1010 | H18: ='Effektkalkulator ice'!#REF! -> #REF! | L18: =B18 -> 3 | M18: =B18 -> 3 | N18: =B18 -> 3
A19: ='Effektkalkulator ice'!A25 -> Antall sektorer 450Mhz | B19: ='Effektkalkulator ice'!B25 -> 0 | C19: ='Effektkalkulator ice'!C25 -> 0 | D19: ='Effektkalkulator ice'!D25 -> 176 | E19: 176 | F19: ='Effektkalkulator ice'!E25 -> 280.8 | G19: ='Effektkalkulator ice'!F25 -> 351 | H19: ='Effektkalkulator ice'!#REF! -> #REF! | K19: Sum RRH | L19: =SUM(L16:L18) -> 3 | M19: =SUM(M16:M18) -> 3 | N19: =SUM(N16:N18) -> 3
A20: ='Effektkalkulator ice'!A26 -> Baseband 1 | B20: ='Effektkalkulator ice'!B26 -> 0 | C20: ='Effektkalkulator ice'!C26 -> 227 | D20: ='Effektkalkulator ice'!D26 -> 227 | E20: 227 | F20: ='Effektkalkulator ice'!E26 -> 227 | G20: ='Effektkalkulator ice'!F26 -> 227 | H20: ='Effektkalkulator ice'!#REF! -> #REF! | K20: Effekt RRH | L20: =848*0.8 -> 678.4 | M20: =877*0.8 -> 701.6 | N20: =1274*0.8 -> 1019.2
A21: ='Effektkalkulator ice'!A27 -> Baseband 2 (N35) | B21: ='Effektkalkulator ice'!B27 -> 1 | C21: ='Effektkalkulator ice'!C27 -> 376 | D21: ='Effektkalkulator ice'!D27 -> 376 | E21: 376 | F21: ='Effektkalkulator ice'!E27 -> 376 | G21: ='Effektkalkulator ice'!F27 -> 376 | H21: ='Effektkalkulator ice'!#REF! -> #REF! | K21: Sum effekt | L21: =L19*L20 -> 2035.2 | M21: =M19*M20 -> 2104.8 | N21: =N19*N20 -> 3057.6
A22: ='Effektkalkulator ice'!A28 -> Basestasjonsaksess (CSR) | B22: ='Effektkalkulator ice'!B28 -> 1 | C22: ='Effektkalkulator ice'!C28 -> 100 | D22: ='Effektkalkulator ice'!D28 -> 100 | E22: 200 | F22: ='Effektkalkulator ice'!E28 -> 100 | G22: ='Effektkalkulator ice'!F28 -> 100 | H22: ='Effektkalkulator ice'!#REF! -> #REF! | K22: Effekter NCR, Air Scale + RL (50%) | L22: =($B$20*$F$20+$B$21*$F$21+$B$22*$F$22+$B$23*$F$23)*0.5 -> 238 | N22: =($B$20*$F$20+$B$21*$F$21+$B$22*$F$22+$B$23*$F$23)*0.5 -> 238
A23: ='Effektkalkulator ice'!A29 -> Komplett radiolinje | B23: ='Effektkalkulator ice'!B29 -> 0 | C23: ='Effektkalkulator ice'!C29 -> 100 | D23: ='Effektkalkulator ice'!D29 -> 100 | E23: 200 | F23: ='Effektkalkulator ice'!E29 -> 100 | G23: ='Effektkalkulator ice'!F29 -> 100 | H23: ='Effektkalkulator ice'!#REF! -> #REF! | K23: Effekter NCR, Air Scale + RL (50%)
A24: ='Effektkalkulator ice'!A30 -> 0 | B24: ='Effektkalkulator ice'!B30 -> 0 | C24: ='Effektkalkulator ice'!C30 -> 0 | D24: ='Effektkalkulator ice'!D30 -> 0 | F24: ='Effektkalkulator ice'!E30 -> 0 | G24: ='Effektkalkulator ice'!G30 -> 0 | H24: ='Effektkalkulator ice'!#REF! -> #REF!
A25: ='Effektkalkulator ice'!A32 -> Maks effekt normaldrift (80% av maks) | B25: ='Effektkalkulator ice'!B32 -> 7628 | C25: ='Effektkalkulator ice'!C32 -> Dimensjonerende effekt likeretter | D25: ='Effektkalkulator ice'!D32 -> 0 | F25: ='Effektkalkulator ice'!E32 -> 0 | G25: ='Effektkalkulator ice'!G32 -> 0 | H25: ='Effektkalkulator ice'!I32 -> 0 | K25: Dimensjonerende effekt / type RRU | L25: =SUM(L21:L24) -> 2273.2 | M25: =SUM(M21:M24) -> 2104.8 | N25: =SUM(N21:N24) -> 3295.6
A26: ='Effektkalkulator ice'!A33 -> Totalt effekttrekk - normaltdrift ICE | B26: ='Effektkalkulator ice'!B33 -> 3557 | C26: ='Effektkalkulator ice'!C33 -> Dette er effekten vi forventer å bruke i gjennomsnitt | D26: ='Effektkalkulator ice'!D33 -> 0 | F26: ='Effektkalkulator ice'!E33 -> 0 | G26: ='Effektkalkulator ice'!G33 -> 0 | H26: ='Effektkalkulator ice'!I33 -> 0 | K26: Dimensjonerende effekt / Vern PDU | L26: =SUM(L25:M25) -> 4378 | N26: =N25 -> 3295.6
K27: Dimensjonerende laststrøm @38V | L27: =L26/38 -> 115.21053 | N27: =N26/38 -> 86.726316
K28: Effekt - Utstyr eks. 450Mhz | N28: =SUM(L26:N26) -> 7673.6
K29: Effekt - 450Mhz | N29: =B19*F19 -> 0
K30: Total effekt - alt utstyr | N30: =N28+N29 -> 7673.6
K31: Kontroll 1 | L31: =IF(N30=B25,"OK","FEIL") -> FEIL
K32: Kontroll 2 | L32: =IF(N30=SUM(L4:N4),"OK","FEIL") -> OK
K33: Kontroll 3 | L33: =IF(N30=G11+H11,"OK","FEIL") -> FEIL

Sheet Beregning AC vern
D1: Tilgjengelig effekt pr. LR-vern (230V) | F1: Belastningsgrad pr. LR-vern iht. nominell maks effekt (230V) | J1: Tilgjengelig effekt pr. LR-vern (207V) | L1: Belastningsgrad pr. LR-vern - nominell maks effekt (207V) | Q1: Dimmensjonerende fasespenning | S1: 215 | T1: Nettsystem | U1: ='Effektkalkulator ice'!B119 -> IT-230V | V1: Dimensjonerende laststrøm OV-vern (IT/TN) | Y1: ='Effektkalkulator ice'!B130 -> 32.224201
A2: Vern likeretter | B2: Vern faseleder | C2: Spenningssystem | D2: Effekt (nominell) [W] | E2: Effekt (i1-verdi) | F2: Small (max) | G2: Medium (max) | H2: Large (max) | I2: Full bestykning - 6 moduler = 12kW | J2: Effekt (nominell) [W] | K2: Effekt (i1-verdi) | L2: Small (max) | M2: Medium (max) | N2: Large (max) | O2: Full bestykning - 6 moduler = 12kW | Q2: Dimensjonerende laststrøm LR-vern | S2: ='Effektkalkulator ice'!B159 -> 16.112101 | T2: ='Effektkalkulator ice'!A120 -> Dimensjonerende Ik2pmin | U2: ='Effektkalkulator ice'!B120 -> 5 | V2: Eksisterende 3-fase vern/bryter AC fordeling huseier | Y2: ='Effektkalkulator ice'!B136 -> Ikke valgt
A3: 3x16A | B3: 16 | C3: IT-230V | D3: =B3*230*SQRT(3) -> 6373.947 | E3: =D3*1.13 -> 7202.5601 | F3: =$C$33/D3 -> 0.42093228 | G3: =$C$34/D3 -> 1.0205607 | H3: =$C$35/D3 -> 1.4766361 | I3: =12000/D3 -> 1.8826639 | J3: =B3*230*0.9*SQRT(3) -> 5736.5523 | K3: =J3*1.13 -> 6482.3041 | L3: =$C$33/J3 -> 0.46770253 | M3: =$C$34/J3 -> 1.1339564 | N3: =$C$35/J3 -> 1.6407067 | O3: =12000/J3 -> 2.0918488 | Q3: Eksisterende 3-fase vern likeretter (vern A) | S3: ='Effektkalkulator ice'!B150 -> 3x25A (IT) | V3: Maks fasestrøm eks. 3-fase vern/bryter AC fordeling huseier | Y3: =VLOOKUP(Y2,$AA$12:$AB$37,2,) -> #N/A
A4: 4x16A | B4: 16 | C4: TN-400V | D4: =B4*230*SQRT(3)*SQRT(3) -> 11040 | E4: =D4*1.13 -> 12475.2 | F4: =$C$33/D4 -> 0.24302536 | G4: =$C$34/D4 -> 0.58922101 | H4: =$C$35/D4 -> 0.85253623 | I4: =12000/D4 -> 1.0869565 | J4: =B4*230*0.9*SQRT(3)*SQRT(3) -> 9936 | K4: =J4*1.13 -> 11227.68 | L4: =$C$33/J4 -> 0.27002818 | M4: =$C$34/J4 -> 0.65469002 | N4: =$C$35/J4 -> 0.94726248 | O4: =12000/J4 -> 1.2077295 | Q4: Maks fasestrøm eks. 3-fase vern likeretter | S4: =VLOOKUP(S3,$AA$12:$AB$37,2,) -> 25 | V4: Eksisterende 3-fase vern/bryter AC fordeling ice | Y4: ='Effektkalkulator ice'!$B$141 -> 4x32A (TN)
A5: 3x20A | B5: 20 | C5: IT-230V | D5: =B5*230*SQRT(3) -> 7967.4337 | E5: =D5*1.13 -> 9003.2001 | F5: =$C$33/D5 -> 0.33674582 | G5: =$C$34/D5 -> 0.81644859 | H5: =$C$35/D5 -> 1.1813089 | I5: =12000/D5 -> 1.5061311 | J5: =B5*230*0.9*SQRT(3) -> 7170.6903 | K5: =J5*1.13 -> 8102.8801 | L5: =$C$33/J5 -> 0.37416202 | M5: =$C$34/J5 -> 0.9071651 | N5: =$C$35/J5 -> 1.3125654 | O5: =12000/J5 -> 1.673479 | Q5: Eksisterende 3-fase vern likeretter (vern B) | S5: ='Effektkalkulator ice'!B151 -> 3x25A (IT) | V5: Maks fasestrøm eks. 3-fase vern/bryter AC fordeling ice | Y5: =VLOOKUP(Y4,$AA$12:$AB$37,2,) -> 32
A6: 4x20A | B6: 20 | C6: TN-400V | D6: =B6*230*SQRT(3)*SQRT(3) -> 13800 | E6: =D6*1.13 -> 15594 | F6: =$C$33/D6 -> 0.19442029 | G6: =$C$34/D6 -> 0.47137681 | H6: =$C$35/D6 -> 0.68202899 | I6: =12000/D6 -> 0.86956522 | J6: =B6*230*0.9*SQRT(3)*SQRT(3) -> 12420 | K6: =J6*1.13 -> 14034.6 | L6: =$C$33/J6 -> 0.21602254 | M6: =$C$34/J6 -> 0.52375201 | N6: =$C$35/J6 -> 0.75780998 | O6: =12000/J6 -> 0.96618357 | Q6: Maks fasestrøm eks. 3-fase vern likeretter | S6: =VLOOKUP(S5,$AA$12:$AB$37,2,) -> 25 | V6: Standard OV-vern | Y6: {=_xlfn.IFS(U1="IT-230V",T15,U1="TN-400V",W14)} -> 3x32A (IT)
A7: 3x25A | B7: 25 | C7: IT-230V | D7: =B7*230*SQRT(3) -> 9959.2921 | E7: =D7*1.13 -> 11254 | F7: =$C$33/D7 -> 0.26939666 | G7: =$C$34/D7 -> 0.65315887 | H7: =$C$35/D7 -> 0.94504708 | I7: =12000/D7 -> 1.2049049 | J7: =B7*230*0.9*SQRT(3) -> 8963.3629 | K7: =J7*1.13 -> 10128.6 | L7: =$C$33/J7 -> 0.29932962 | M7: =$C$34/J7 -> 0.72573208 | N7: =$C$35/J7 -> 1.0500523 | O7: =12000/J7 -> 1.3387832 | Q7: ='Effektkalkulator ice'!A123 -> Lengde stigekabel | S7: ='Effektkalkulator ice'!$B$123 -> 50 | V7: Maks fasestrøm - standard OV-vern | Y7: =VLOOKUP(Y6,AA11:AC37,2,FALSE) -> 32
A8: 4x25A | B8: 25 | C8: TN-400V | D8: =B8*230*SQRT(3)*SQRT(3) -> 17250 | E8: =D8*1.13 -> 19492.5 | F8: =$C$33/D8 -> 0.15553623 | G8: =$C$34/D8 -> 0.37710145 | H8: =$C$35/D8 -> 0.54562319 | I8: =12000/D8 -> 0.69565217 | J8: =B8*230*0.9*SQRT(3)*SQRT(3) -> 15525 | K8: =J8*1.13 -> 17543.25 | L8: =$C$33/J8 -> 0.17281804 | M8: =$C$34/J8 -> 0.41900161 | N8: =$C$35/J8 -> 0.60624799 | O8: =12000/J8 -> 0.77294686 | Q8: ='Effektkalkulator ice'!A124 -> Eksisterende kabel type | S8: ='Effektkalkulator ice'!B124 -> 16mm2 Cu | V8: Alternativt 3-fase OV-vern | Y8: =R63 -> 3x40A (IT)
A9: 3x32A | B9: 32 | C9: IT-230V | D9: =B9*230*SQRT(3) -> 12747.894 | E9: =D9*1.13 -> 14405.12 | F9: =$C$33/D9 -> 0.21046614 | G9: =$C$34/D9 -> 0.51028037 | H9: =$C$35/D9 -> 0.73831803 | I9: =12000/D9 -> 0.94133196 | J9: =B9*230*0.9*SQRT(3) -> 11473.105 | K9: =J9*1.13 -> 12964.608 | L9: =$C$33/J9 -> 0.23385126 | M9: =$C$34/J9 -> 0.56697819 | N9: =$C$35/J9 -> 0.82035337 | O9: =12000/J9 -> 1.0459244 | V9: Maks fasestrøm - alternativt OV-vern | Y9: =VLOOKUP(Y8,AA13:AC39,2,FALSE) -> 40
A10: 4x32A | B10: 32 | C10: TN-400V | D10: =B10*230*SQRT(3)*SQRT(3) -> 22080 | E10: =D10*1.13 -> 24950.4 | F10: =$C$33/D10 -> 0.12151268 | G10: =$C$34/D10 -> 0.29461051 | H10: =$C$35/D10 -> 0.42626812 | I10: =12000/D10 -> 0.54347826 | J10: =B10*230*0.9*SQRT(3)*SQRT(3) -> 19872 | K10: =J10*1.13 -> 22455.36 | L10: =$C$33/J10 -> 0.13501409 | M10: =$C$34/J10 -> 0.32734501 | N10: =$C$35/J10 -> 0.47363124 | O10: =12000/J10 -> 0.60386473
A11: 3x40A | B11: 40 | C11: IT-230V | D11: =B11*230*SQRT(3) -> 15934.867 | E11: =D11*1.13 -> 18006.4 | F11: =$C$33/D11 -> 0.16837291 | G11: =$C$34/D11 -> 0.40822429 | H11: =$C$35/D11 -> 0.59065443 | I11: =12000/D11 -> 0.75306557 | J11: =B11*230*0.9*SQRT(3) -> 14341.381 | K11: =J11*1.13 -> 16205.76 | L11: =$C$33/J11 -> 0.18708101 | M11: =$C$34/J11 -> 0.45358255 | N11: =$C$35/J11 -> 0.6562827 | O11: =12000/J11 -> 0.83673952 | Q11: 1-fase vern IT/TN | R11: Fasestrøm | S11: =_xlfn.CONCAT("Effekt (",$S$1," V)") -> Effekt (215 V) | T11: 3-fase vern IT | U11: Fasestrøm | V11: =_xlfn.CONCAT("Effekt (",$S$1," V)") -> Effekt (215 V) | W11: 3-fase vern TN | X11: Fasestrøm | Y11: =_xlfn.CONCAT("Effekt (",$S$1," V)") -> Effekt (215 V) | AA11: 3-fase vern | AB11: Fasestrøm | AC11: =_xlfn.CONCAT("Effekt (",$S$1," V)") -> Effekt (215 V)
A12: 4x40A | B12: 40 | C12: TN-400V | D12: =B12*230*SQRT(3)*SQRT(3) -> 27600 | E12: =D12*1.13 -> 31188 | F12: =$C$33/D12 -> 0.097210145 | G12: =$C$34/D12 -> 0.23568841 | H12: =$C$35/D12 -> 0.34101449 | I12: =12000/D12 -> 0.43478261 | J12: =B12*230*0.9*SQRT(3)*SQRT(3) -> 24840 | K12: =J12*1.13 -> 28069.2 | L12: =$C$33/J12 -> 0.10801127 | M12: =$C$34/J12 -> 0.26187601 | N12: =$C$35/J12 -> 0.37890499 | O12: =12000/J12 -> 0.48309179 | Q12: 1x16A (IT/TN) | R12: 16 | S12: =R12*$S$1 -> 3440 | T12: 3x16A (IT) | U12: 16 | V12: =U12*SQRT(3)*$S$1 -> 5958.2548 | W12: 4x16A (TN) | X12: 16 | Y12: =X12*SQRT(3)*SQRT(3)*$S$1 -> 10320 | AA12: =T12 -> 3x16A (IT) | AB12: =U12 -> 16 | AC12: =V12 -> 5958.2548
A13: 3x63A | B13: 63 | C13: IT-230V | D13: =B13*230*SQRT(3) -> 25097.416 | E13: =D13*1.13 -> 28360.08 | F13: =$C$33/D13 -> 0.10690343 | G13: =$C$34/D13 -> 0.25919003 | H13: =$C$35/D13 -> 0.37501868 | I13: =12000/D13 -> 0.47813687 | J13: =B13*230*0.9*SQRT(3) -> 22587.675 | K13: =J13*1.13 -> 25524.072 | L13: =$C$33/J13 -> 0.11878159 | M13: =$C$34/J13 -> 0.28798892 | N13: =$C$35/J13 -> 0.41668743 | O13: =12000/J13 -> 0.53126319 | Q13: 1x20A (IT/TN) | R13: 20 | S13: =R13*$S$1 -> 4300 | T13: 3x20A (IT) | U13: 20 | V13: =U13*SQRT(3)*$S$1 -> 7447.8185 | W13: 4x20A (TN) | X13: 20 | Y13: =X13*SQRT(3)*SQRT(3)*$S$1 -> 12900 | AA13: =T13 -> 3x20A (IT) | AB13: =U13 -> 20 | AC13: =V13 -> 7447.8185
A14: 4x63A | B14: 63 | C14: TN-400V | D14: =B14*230*SQRT(3)*SQRT(3) -> 43470 | E14: =D14*1.13 -> 49121.1 | F14: =$C$33/D14 -> 0.061720727 | G14: =$C$34/D14 -> 0.14964343 | H14: =$C$35/D14 -> 0.21651714 | I14: =12000/D14 -> 0.27605245 | J14: =B14*230*0.9*SQRT(3)*SQRT(3) -> 39123 | K14: =J14*1.13 -> 44208.99 | L14: =$C$33/J14 -> 0.068578585 | M14: =$C$34/J14 -> 0.16627048 | N14: =$C$35/J14 -> 0.2405746 | O14: =12000/J14 -> 0.30672494 | Q14: 1x25A (IT/TN) | R14: 25 | S14: =R14*$S$1 -> 5375 | T14: 3x25A (IT) | U14: 25 | V14: =U14*SQRT(3)*$S$1 -> 9309.7731 | W14: 4x25A (TN) | X14: 25 | Y14: =X14*SQRT(3)*SQRT(3)*$S$1 -> 16125 | AA14: =T14 -> 3x25A (IT) | AB14: =U14 -> 25 | AC14: =V14 -> 9309.7731
Q15: 1x32A (IT/TN) | R15: 32 | S15: =R15*$S$1 -> 6880 | T15: 3x32A (IT) | U15: 32 | V15: =U15*SQRT(3)*$S$1 -> 11916.51 | W15: 4x32A (TN) | X15: 32 | Y15: =X15*SQRT(3)*SQRT(3)*$S$1 -> 20640 | AA15: =T15 -> 3x32A (IT) | AB15: =U15 -> 32 | AC15: =V15 -> 11916.51
T16: 3x40A (IT) | U16: 40 | V16: =U16*SQRT(3)*$S$1 -> 14895.637 | W16: 4x40A (TN) | X16: 40 | Y16: =X16*SQRT(3)*SQRT(3)*$S$1 -> 25800 | AA16: =T16 -> 3x40A (IT) | AB16: =U16 -> 40 | AC16: =V16 -> 14895.637
D17: Tilgjengelig nominell effekt (230V) [W] | E17: Belastningsgrad 24kW fullbestykket LR mot OV | T17: 3x50A (IT) | U17: 50 | V17: =U17*SQRT(3)*$S$1 -> 18619.546 | W17: 4x50A (TN) | X17: 50 | Y17: =X17*SQRT(3)*SQRT(3)*$S$1 -> 32250 | AA17: =T17 -> 3x50A (IT) | AB17: =U17 -> 50 | AC17: =V17 -> 18619.546
A18: Vern OV | B18: Vern faseleder | C18: Spenningssystem | E18: 230V fasespenning | F18: 207V fasespenning | G18: Kommentar Håvard (mulig vi skyter litt høyt her...) | T18: 3x63A (IT) | U18: 63 | V18: =U18*SQRT(3)*$S$1 -> 23460.628 | W18: 4x63A (TN) | X18: 63 | Y18: =X18*SQRT(3)*SQRT(3)*$S$1 -> 40635 | AA18: =T18 -> 3x63A (IT) | AB18: =U18 -> 63 | AC18: =V18 -> 23460.628
A19: 3x25A | B19: 25 | C19: IT-230V | D19: =B19*230*SQRT(3) -> 9959.2921 | E19: =24000/D19 -> 2.4098098 | F19: =24000/(D19*0.9) -> 2.6775665 | T19: 3x80A (IT) | U19: 80 | V19: =U19*SQRT(3)*$S$1 -> 29791.274 | W19: 4x80A (TN) | X19: 80 | Y19: =X19*SQRT(3)*SQRT(3)*$S$1 -> 51600 | AA19: =T19 -> 3x80A (IT) | AB19: =U19 -> 80 | AC19: =V19 -> 29791.274
A20: 3x25A | B20: 25 | C20: TN-400V | D20: =B20*230*SQRT(3)*SQRT(3) -> 17250 | E20: =24000/D20 -> 1.3913043 | F20: =24000/(D20*0.9) -> 1.5458937 | T20: Lastbryter 3x32A (IT) | U20: 32 | V20: =U20*SQRT(3)*$S$1 -> 11916.51 | W20: Lastbryter 4x32A (TN) | X20: 32 | Y20: =X20*SQRT(3)*SQRT(3)*$S$1 -> 20640 | AA20: =T20 -> Lastbryter 3x32A (IT) | AB20: =U20 -> 32 | AC20: =V20 -> 11916.51
A21: 3x32A | B21: 32 | C21: IT-230V | D21: =B21*230*SQRT(3) -> 12747.894 | E21: =24000/D21 -> 1.8826639 | F21: =24000/(D21*0.9) -> 2.0918488 | T21: Lastbryter 3x40A (IT) | U21: 40 | V21: =U21*SQRT(3)*$S$1 -> 14895.637 | W21: Lastbryter 4x40A (TN) | X21: 40 | Y21: =X21*SQRT(3)*SQRT(3)*$S$1 -> 25800 | AA21: =T21 -> Lastbryter 3x40A (IT) | AB21: =U21 -> 40 | AC21: =V21 -> 14895.637
A22: 3x32A | B22: 32 | C22: TN-400V | D22: =B22*230*SQRT(3)*SQRT(3) -> 22080 | E22: =24000/D22 -> 1.0869565 | F22: =24000/(D22*0.9) -> 1.2077295 | T22: Lastbryter 3x50A (IT) | U22: 50 | V22: =U22*SQRT(3)*$S$1 -> 18619.546 | W22: Lastbryter 4x50A (TN) | X22: 50 | Y22: =X22*SQRT(3)*SQRT(3)*$S$1 -> 32250 | AA22: =T22 -> Lastbryter 3x50A (IT) | AB22: =U22 -> 50 | AC22: =V22 -> 18619.546
A23: 3x40A | B23: 40 | C23: IT-230V | D23: =B23*230*SQRT(3) -> 15934.867 | E23: =24000/D23 -> 1.5061311 | F23: =24000/(D23*0.9) -> 1.673479 | T23: Lastbryter 3x63A (IT) | U23: 63 | V23: =U23*SQRT(3)*$S$1 -> 23460.628 | W23: Lastbryter 4x63A (TN) | X23: 63 | Y23: =X23*SQRT(3)*SQRT(3)*$S$1 -> 40635 | AA23: =T23 -> Lastbryter 3x63A (IT) | AB23: =U23 -> 63 | AC23: =V23 -> 23460.628
A24: 3x40A | B24: 40 | C24: TN-400V | D24: =B24*230*SQRT(3)*SQRT(3) -> 27600 | E24: =24000/D24 -> 0.86956522 | F24: =24000/(D24*0.9) -> 0.96618357 | G24: Pri 2 for TN-nett, dersom 3x63 drar opp kostnad vesentlig | T24: Lastbryter 3x80A (IT) | U24: 80 | V24: =U24*SQRT(3)*$S$1 -> 29791.274 | W24: Lastbryter 4x80A (TN) | X24: 80 | Y24: =X24*SQRT(3)*SQRT(3)*$S$1 -> 51600 | AA24: =T24 -> Lastbryter 3x80A (IT) | AB24: =U24 -> 80 | AC24: =V24 -> 29791.274
A25: 3x63A | B25: 63 | C25: IT-230V | D25: =B25*230*SQRT(3) -> 25097.416 | E25: =24000/D25 -> 0.95627374 | F25: =24000/(D25*0.9) -> 1.0625264 | G25: Pri 2 IT-nett, dersom 3x80A drar opp kostnad vesentlig | Q25: Kapasitet Likeretter | R25: Dimensjonerende Kapasitet (n-1) | S25: Maks antall moduler | AA25: =W12 -> 4x16A (TN) | AB25: =X12 -> 16 | AC25: =Y12 -> 10320
A26: 3x63A | B26: 63 | C26: TN-400V | D26: =B26*230*SQRT(3)*SQRT(3) -> 43470 | E26: =24000/D26 -> 0.5521049 | F26: =24000/(D26*0.9) -> 0.61344989 | G26: Pri 1 for TN-nett | Q26: Ikke valgt | AA26: =W13 -> 4x20A (TN) | AB26: =X13 -> 20 | AC26: =Y13 -> 12900
A27: 3x80A | B27: 80 | C27: IT-230V | D27: =B27*230*SQRT(3) -> 31869.735 | E27: =24000/D27 -> 0.75306557 | F27: =24000/(D27*0.9) -> 0.83673952 | G27: Pri 1 IT-nett | Q27: Eltek FP2 - 8kW | R27: =8000-2000 -> 6000 | S27: 4 | AA27: =W14 -> 4x25A (TN) | AB27: =X14 -> 25 | AC27: =Y14 -> 16125
A28: 3x80A | B28: 80 | C28: TN-400V | D28: =B28*230*SQRT(3)*SQRT(3) -> 55200 | E28: =24000/D28 -> 0.43478261 | F28: =24000/(D28*0.9) -> 0.48309179 | Q28: Eltek FP2 - 16kW | R28: =16000-2000 -> 14000 | S28: 8 | AA28: =W15 -> 4x32A (TN) | AB28: =X15 -> 32 | AC28: =Y15 -> 20640
Q29: Eltek FP2 - 24kW | R29: =24000-2000 -> 22000 | S29: 12 | AA29: =W16 -> 4x40A (TN) | AB29: =X16 -> 40 | AC29: =Y16 -> 25800
AA30: =W17 -> 4x50A (TN) | AB30: =X17 -> 50 | AC30: =Y17 -> 32250
Q31: Variasjoner LR-vern | R31: Valg av LR-vern | AA31: =W18 -> 4x63A (TN) | AB31: =X18 -> 63 | AC31: =Y18 -> 40635
A32: Band | B32: Average Power [W] | C32: Max Power [W] | D32: Modules | E32: Total Modules | Q32: Ikke valgt | R32: Relevante vern | S32: Tilhørende fasestrøm | T32: Laststrøm fase - LR-vern | U32: Vern OK? | V32: Eksisterende LR vern | W32: Tilhørende fasestrøm | X32: Vern ok? | AA32: =W19 -> 4x80A (TN) | AB32: =X19 -> 80 | AC32: =Y19 -> 51600
A33: 700/800 | B33: 1678 | C33: 2683 | D33: 2+1 | E33: 3 | Q33: =Q12 -> 1x16A (IT/TN) | R33: Ikke valgt | AA33: =W20 -> Lastbryter 4x32A (TN) | AB33: =X20 -> 32 | AC33: =Y20 -> 20640
A34: 700/800/1800/2100 | B34: 3856 | C34: 6505 | D34: 4+1 | E34: 5 | Q34: =Q13 -> 1x20A (IT/TN) | R34: =IF($U$1="IT-230V",T12,IF($U$1="TN-400V",W12,"")) -> 3x16A (IT) | S34: =VLOOKUP(R34,$AA$11:$AC$37,2,FALSE) -> 16 | T34: =$S$2 -> 16.112101 | U34: =IF(S34>=T34,TRUE,FALSE) -> FALSE | V34: =$S$3 -> 3x25A (IT) | W34: =$S$4 -> 25 | X34: =IF(W34>=T34,TRUE,FALSE) -> TRUE | AA34: =W21 -> Lastbryter 4x40A (TN) | AB34: =X21 -> 40 | AC34: =Y21 -> 25800
A35: 700/800/1800/2100/3600 | B35: 5995 | C35: 9412 | D35: 5+1 | E35: 6 | Q35: =Q14 -> 1x25A (IT/TN) | R35: =IF($U$1="IT-230V",T13,IF($U$1="TN-400V",W13,"")) -> 3x20A (IT) | S35: =VLOOKUP(R35,$AA$11:$AC$37,2,FALSE) -> 20 | T35: =$S$2 -> 16.112101 | U35: =IF(S35>=T35,TRUE,FALSE) -> TRUE | V35: =S5 -> 3x25A (IT) | W35: =$S$6 -> 25 | X35: =IF(W35>=T35,TRUE,FALSE) -> TRUE | AA35: =W22 -> Lastbryter 4x50A (TN) | AB35: =X22 -> 50 | AC35: =Y22 -> 32250
Q36: =Q15 -> 1x32A (IT/TN) | R36: =IF($U$1="IT-230V",T14,IF($U$1="TN-400V",W14,"")) -> 3x25A (IT) | S36: =VLOOKUP(R36,$AA$11:$AC$37,2,FALSE) -> 25 | T36: =$S$2 -> 16.112101 | U36: =IF(S36>=T36,TRUE,FALSE) -> TRUE | AA36: =W23 -> Lastbryter 4x63A (TN) | AB36: =X23 -> 63 | AC36: =Y23 -> 40635
Q37: =T12 -> 3x16A (IT) | R37: =IF($U$1="IT-230V",T15,IF($U$1="TN-400V",W15,"")) -> 3x32A (IT) | S37: =VLOOKUP(R37,$AA$11:$AC$37,2,FALSE) -> 32 | T37: =$S$2 -> 16.112101 | U37: =IF(S37>=T37,TRUE,FALSE) -> TRUE | AA37: =W24 -> Lastbryter 4x80A (TN) | AB37: =X24 -> 80 | AC37: =Y24 -> 51600
Q38: =T13 -> 3x20A (IT)
Q39: =T14 -> 3x25A (IT)
Q40: =T15 -> 3x32A (IT)
Q41: =W12 -> 4x16A (TN)
A42: Tabell 1: Gjelder vern/sikring til ice EDP/ fordelingstavle | Q42: =W13 -> 4x20A (TN)
Q43: =W14 -> 4x25A (TN)
D44: Tilgjengelig nominell effekt (230V) [W] | E44: Tilgjengelig nominell effekt (207V) [W] | F44: Belastningsgrad OV iht. site scenario max effekt RRH mot nomineff effekt OV (207V fasespenning) | I44: Belastningsgrad 24kW fullbestykket LR mot OV | Q44: Alternativt LR-vern | R44: {=_xlfn.IFS(S34>=T34,R34,S35>=T35,R35,S36>=T36,R36,S37>=T37,R37)} -> 3x20A (IT)
A45: Vern OV | B45: Vern faseleder | C45: Spenningssystem | F45: Small | G45: Medium | H45: Large | I45: 230V fasespenning | J45: 207V fasespenning | K45: Standardvalg og opsjoner
A46: 3x25A | B46: 25 | C46: IT-230V | D46: =B46*230*SQRT(3) -> 9959.2921 | E46: =D46*0.9 -> 8963.3629 | F46: =$C$77/E46 -> 0.29932962 | G46: =$C$78/E46 -> 0.72573208 | H46: =$C$79/E46 -> 1.0500523 | I46: =24000/D46 -> 2.4098098 | J46: =24000/(D46*0.9) -> 2.6775665 | K46: Opsjon | Q46: Variasjoner OV-vern | R46: Valg av OV-vern
A47: 4x25A | B47: 25 | C47: TN-400V | D47: =B47*230*SQRT(3)*SQRT(3) -> 17250 | E47: =D47*0.9 -> 15525 | F47: =$C$77/E47 -> 0.17281804 | G47: =$C$78/E47 -> 0.41900161 | H47: =$C$79/E47 -> 0.60624799 | I47: =24000/D47 -> 1.3913043 | J47: =24000/(D47*0.9) -> 1.5458937 | K47: Opsjon | Q47: Ikke valgt | R47: Relevante vern | S47: Tilhørende laststrøm | T47: Laststrøm OV-vern | U47: Vern OK? | V47: Eksisterende OV vern | W47: Tilhørende laststrøm | X47: Vern ok? | Y47: Kommentar
A48: 3x32A | B48: 32 | C48: IT-230V | D48: =B48*230*SQRT(3) -> 12747.894 | E48: =D48*0.9 -> 11473.105 | F48: =$C$77/E48 -> 0.23385126 | G48: =$C$78/E48 -> 0.56697819 | H48: =$C$79/E48 -> 0.82035337 | I48: =24000/D48 -> 1.8826639 | J48: =24000/(D48*0.9) -> 2.0918488 | K48: Opsjon | Q48: =T12 -> 3x16A (IT) | R48: Ikke valgt
A49: 4x32A | B49: 32 | C49: TN-400V | D49: =B49*230*SQRT(3)*SQRT(3) -> 22080 | E49: =D49*0.9 -> 19872 | F49: =$C$77/E49 -> 0.13501409 | G49: =$C$78/E49 -> 0.32734501 | H49: =$C$79/E49 -> 0.47363124 | I49: =24000/D49 -> 1.0869565 | J49: =24000/(D49*0.9) -> 1.2077295 | K49: Opsjon | Q49: =T13 -> 3x20A (IT) | R49: =IF($U$1="IT-230V",T12,IF($U$1="TN-400V",W12,"")) -> 3x16A (IT) | S49: =VLOOKUP(R49,AA11:AC37,2,FALSE) -> 16 | T49: =$Y$1 -> 32.224201 | U49: =IF(S49>=T49,TRUE,FALSE) -> FALSE | V49: =$Y$2 -> Ikke valgt | W49: =$Y$3 -> #N/A | X49: =IF(W49>=T49,TRUE,FALSE) -> #N/A | Y49: OV-vern hovedtavle
A50: 3x40A | B50: 40 | C50: IT-230V | D50: =B50*230*SQRT(3) -> 15934.867 | E50: =D50*0.9 -> 14341.381 | F50: =$C$77/E50 -> 0.18708101 | G50: =$C$78/E50 -> 0.45358255 | H50: =$C$79/E50 -> 0.6562827 | I50: =24000/D50 -> 1.5061311 | J50: =24000/(D50*0.9) -> 1.673479 | K50: Opsjon | Q50: =T14 -> 3x25A (IT) | R50: =IF($U$1="IT-230V",T13,IF($U$1="TN-400V",W13,"")) -> 3x20A (IT) | S50: =VLOOKUP(R50,AA12:AC38,2,FALSE) -> 20 | T50: =$Y$1 -> 32.224201 | U50: =IF(S50>=T50,TRUE,FALSE) -> FALSE | V50: =$Y$4 -> 4x32A (TN) | W50: =$Y$5 -> 32 | X50: =IF(W50>=T50,TRUE,FALSE) -> FALSE | Y50: OV-vern ice EDP
A51: 4x40A | B51: 40 | C51: TN-400V | D51: =B51*230*SQRT(3)*SQRT(3) -> 27600 | E51: =D51*0.9 -> 24840 | F51: =$C$77/E51 -> 0.10801127 | G51: =$C$78/E51 -> 0.26187601 | H51: =$C$79/E51 -> 0.37890499 | I51: =24000/D51 -> 0.86956522 | J51: =24000/(D51*0.9) -> 0.96618357 | K51: Standardvalg for TN-nett | Q51: =T15 -> 3x32A (IT) | R51: =IF($U$1="IT-230V",T14,IF($U$1="TN-400V",W14,"")) -> 3x25A (IT) | S51: =VLOOKUP(R51,AA13:AC39,2,FALSE) -> 25 | T51: =$Y$1 -> 32.224201 | U51: =IF(S51>=T51,TRUE,FALSE) -> FALSE
A52: 3x63A | B52: 63 | C52: IT-230V | D52: =B52*230*SQRT(3) -> 25097.416 | E52: =D52*0.9 -> 22587.675 | F52: =$C$77/E52 -> 0.11878159 | G52: =$C$78/E52 -> 0.28798892 | H52: =$C$79/E52 -> 0.41668743 | I52: =24000/D52 -> 0.95627374 | J52: =24000/(D52*0.9) -> 1.0625264 | K52: Standardvalg for IT-nett | Q52: =T16 -> 3x40A (IT) | R52: =IF($U$1="IT-230V",T15,IF($U$1="TN-400V",W15,"")) -> 3x32A (IT) | S52: =VLOOKUP(R52,AA14:AC40,2,FALSE) -> 32 | T52: =$Y$1 -> 32.224201 | U52: =IF(S52>=T52,TRUE,FALSE) -> FALSE
A53: 4x63A | B53: 63 | C53: TN-400V | D53: =B53*230*SQRT(3)*SQRT(3) -> 43470 | E53: =D53*0.9 -> 39123 | F53: =$C$77/E53 -> 0.068578585 | G53: =$C$78/E53 -> 0.16627048 | H53: =$C$79/E53 -> 0.2405746 | I53: =24000/D53 -> 0.5521049 | J53: =24000/(D53*0.9) -> 0.61344989 | K53: Førstevalg for TN-nett dersom det ikke øker anleggsbidrag | Q53: =T17 -> 3x50A (IT) | R53: =IF($U$1="IT-230V",T16,IF($U$1="TN-400V",W16,"")) -> 3x40A (IT) | S53: =VLOOKUP(R53,AA15:AC41,2,FALSE) -> 40 | T53: =$Y$1 -> 32.224201 | U53: =IF(S53>=T53,TRUE,FALSE) -> TRUE
A54: 3x80A | B54: 80 | C54: IT-230V | D54: =B54*230*SQRT(3) -> 31869.735 | E54: =D54*0.9 -> 28682.761 | F54: =$C$77/E54 -> 0.093540506 | G54: =$C$78/E54 -> 0.22679127 | H54: =$C$79/E54 -> 0.32814135 | I54: =24000/D54 -> 0.75306557 | J54: =24000/(D54*0.9) -> 0.83673952 | K54: Førstevalg for IT-nett dersom det ikke øker anleggsbidrag | Q54: =T18 -> 3x63A (IT) | R54: =IF($U$1="IT-230V",T17,IF($U$1="TN-400V",W17,"")) -> 3x50A (IT) | S54: =VLOOKUP(R54,AA16:AC42,2,FALSE) -> 50 | T54: =$Y$1 -> 32.224201 | U54: =IF(S54>=T54,TRUE,FALSE) -> TRUE
A55: 4x80A | B55: 80 | C55: TN-400V | D55: =B55*230*SQRT(3)*SQRT(3) -> 55200 | E55: =D55*0.9 -> 49680 | F55: =$C$77/E55 -> 0.054005636 | G55: =$C$78/E55 -> 0.130938 | H55: =$C$79/E55 -> 0.1894525 | I55: =24000/D55 -> 0.43478261 | J55: =24000/(D55*0.9) -> 0.48309179 | K55: N/A | Q55: =T19 -> 3x80A (IT) | R55: =IF($U$1="IT-230V",T18,IF($U$1="TN-400V",W18,"")) -> 3x63A (IT) | S55: =VLOOKUP(R55,AA17:AC43,2,FALSE) -> 63 | T55: =$Y$1 -> 32.224201 | U55: =IF(S55>=T55,TRUE,FALSE) -> TRUE
Q56: =W12 -> 4x16A (TN) | R56: =IF($U$1="IT-230V",T19,IF($U$1="TN-400V",W19,"")) -> 3x80A (IT) | S56: =VLOOKUP(R56,AA18:AC44,2,FALSE) -> 80 | T56: =$Y$1 -> 32.224201 | U56: =IF(S56>=T56,TRUE,FALSE) -> TRUE
Q57: =W13 -> 4x20A (TN) | R57: =IF($U$1="IT-230V",T20,IF($U$1="TN-400V",W20,"")) -> Lastbryter 3x32A (IT)
A58: Tabell 2: Vern/sikringer mot likeretter, montert i ice EDP | Q58: =W14 -> 4x25A (TN) | R58: =IF($U$1="IT-230V",T21,IF($U$1="TN-400V",W21,"")) -> Lastbryter 3x40A (IT)
Q59: =W15 -> 4x32A (TN) | R59: =IF($U$1="IT-230V",T22,IF($U$1="TN-400V",W22,"")) -> Lastbryter 3x50A (IT)
D60: Tilgjengelig effekt pr. LR-vern (207V) | F60: Belastningsgrad pr. LR-vern - nominell maks effekt (207V) - Forutsetter all last på 1x LR-vern! (konservativt) | J60: Standardvalg og opsjoner | Q60: =W16 -> 4x40A (TN) | R60: =IF($U$1="IT-230V",T23,IF($U$1="TN-400V",W23,"")) -> Lastbryter 3x63A (IT)
A61: Vern likeretter | B61: Vern faseleder | C61: Spenningssystem | D61: Effekt (nominell) [W] | E61: Effekt (i1-verdi) | F61: Small (max) | G61: Medium (max) | H61: Large (max) | I61: Full bestykning - 6 moduler = 12kW pr. vern | Q61: =W17 -> 4x50A (TN) | R61: =IF($U$1="IT-230V",T24,IF($U$1="TN-400V",W24,"")) -> Lastbryter 3x80A (IT)
A62: 3x16A | B62: 16 | C62: IT-230V | D62: =B62*230*0.9*SQRT(3) -> 5736.5523 | E62: =D62*1.13 -> 6482.3041 | F62: =$C$77/D62 -> 0.46770253 | G62: =$C$78/D62 -> 1.1339564 | H62: =$C$78/D62 -> 1.1339564 | I62: =12000/D62 -> 2.0918488 | J62: Opsjoner der standard ikke er mulig | Q62: =W18 -> 4x63A (TN)
A63: 4x16A | B63: 16 | C63: TN-400V | D63: =B63*230*0.9*SQRT(3)*SQRT(3) -> 9936 | E63: =D63*1.13 -> 11227.68 | F63: =$C$77/D63 -> 0.27002818 | G63: =$C$78/D63 -> 0.65469002 | H63: =$C$78/D63 -> 0.65469002 | I63: =12000/D63 -> 1.2077295 | J63: Opsjoner der standard ikke er mulig | Q63: Alternativt OV-vern | R63: {=_xlfn.IFS(S49>=T49,R49,S50>=T50,R50,S51>=T51,R51,S52>=T52,R52,S53>=T53,R53,S54>=T54,R54,S55>=T55,R55,S56>=T56,R56)} -> 3x40A (IT) | S63: =VLOOKUP(R63,AA11:AC37,2,FALSE) -> 40
A64: 3x20A | B64: 20 | C64: IT-230V | D64: =B64*230*0.9*SQRT(3) -> 7170.6903 | E64: =D64*1.13 -> 8102.8801 | F64: =$C$77/D64 -> 0.37416202 | G64: =$C$78/D64 -> 0.9071651 | H64: =$C$78/D64 -> 0.9071651 | I64: =12000/D64 -> 1.673479 | J64: Opsjoner der standard ikke er mulig
A65: 4x20A | B65: 20 | C65: TN-400V | D65: =B65*230*0.9*SQRT(3)*SQRT(3) -> 12420 | E65: =D65*1.13 -> 14034.6 | F65: =$C$77/D65 -> 0.21602254 | G65: =$C$78/D65 -> 0.52375201 | H65: =$C$78/D65 -> 0.52375201 | I65: =12000/D65 -> 0.96618357 | J65: Opsjoner der standard ikke er mulig | Q65: Kabeltyper
A66: 3x25A | B66: 25 | C66: IT-230V | D66: =B66*230*0.9*SQRT(3) -> 8963.3629 | E66: =D66*1.13 -> 10128.6 | F66: =$C$77/D66 -> 0.29932962 | G66: =$C$78/D66 -> 0.72573208 | H66: =$C$78/D66 -> 0.72573208 | I66: =12000/D66 -> 1.3387832 | J66: Opsjoner der standard ikke er mulig | Q66: Ikke valgt
A67: 4x25A | B67: 25 | C67: TN-400V | D67: =B67*230*0.9*SQRT(3)*SQRT(3) -> 15525 | E67: =D67*1.13 -> 17543.25 | F67: =$C$77/D67 -> 0.17281804 | G67: =$C$78/D67 -> 0.41900161 | H67: =$C$78/D67 -> 0.41900161 | I67: =12000/D67 -> 0.77294686 | J67: Standardvalg for TN-nett | Q67: 6mm2 Cu
A68: 3x32A | B68: 32 | C68: IT-230V | D68: =B68*230*0.9*SQRT(3) -> 11473.105 | E68: =D68*1.13 -> 12964.608 | F68: =$C$77/D68 -> 0.23385126 | G68: =$C$78/D68 -> 0.56697819 | H68: =$C$78/D68 -> 0.56697819 | I68: =12000/D68 -> 1.0459244 | J68: Standardvalg for IT-nett | Q68: 10mm2 Cu
A69: 4x32A | B69: 32 | C69: TN-400V | D69: =B69*230*0.9*SQRT(3)*SQRT(3) -> 19872 | E69: =D69*1.13 -> 22455.36 | F69: =$C$77/D69 -> 0.13501409 | G69: =$C$78/D69 -> 0.32734501 | H69: =$C$78/D69 -> 0.32734501 | I69: =12000/D69 -> 0.60386473 | J69: N/A | Q69: 16mm2 Cu
A70: 3x40A | B70: 40 | C70: IT-230V | D70: =B70*230*0.9*SQRT(3) -> 14341.381 | E70: =D70*1.13 -> 16205.76 | F70: =$C$77/D70 -> 0.18708101 | G70: =$C$78/D70 -> 0.45358255 | H70: =$C$78/D70 -> 0.45358255 | I70: =12000/D70 -> 0.83673952 | J70: N/A | Q70: 25mm2 Cu
A71: 4x40A | B71: 40 | C71: TN-400V | D71: =B71*230*0.9*SQRT(3)*SQRT(3) -> 24840 | E71: =D71*1.13 -> 28069.2 | F71: =$C$77/D71 -> 0.10801127 | G71: =$C$78/D71 -> 0.26187601 | H71: =$C$78/D71 -> 0.26187601 | I71: =12000/D71 -> 0.48309179 | J71: N/A | Q71: 25mm2 Al
A72: 3x63A | B72: 63 | C72: IT-230V | D72: =B72*230*0.9*SQRT(3) -> 22587.675 | E72: =D72*1.13 -> 25524.072 | F72: =$C$77/D72 -> 0.11878159 | G72: =$C$78/D72 -> 0.28798892 | H72: =$C$78/D72 -> 0.28798892 | I72: =12000/D72 -> 0.53126319 | J72: N/A | Q72: 50mm2 Al
A73: 4x63A | B73: 63 | C73: TN-400V | D73: =B73*230*0.9*SQRT(3)*SQRT(3) -> 39123 | E73: =D73*1.13 -> 44208.99 | F73: =$C$77/D73 -> 0.068578585 | G73: =$C$78/D73 -> 0.16627048 | H73: =$C$78/D73 -> 0.16627048 | I73: =12000/D73 -> 0.30672494 | J73: N/A | Q73: 95mm2Al
A76: Band | B76: Average Power [W] | C76: Max Power [W] | D76: Modules | E76: Total Modules | G76: Tabell 1 | J76: Tabell 2
A77: 700/800 | B77: 1678 | C77: 2683 | D77: 2+1 | E77: 3
A78: 700/800/1800/2100 | B78: 3856 | C78: 6505 | D78: 4+1 | E78: 5
A79: 700/800/1800/2100/3600 | B79: 5995 | C79: 9412 | D79: 5+1 | E79: 6

Sheet Kabellengder AC - samlet
A1: ='Effektkalkulator ice'!A134 -> AC fordeling huseier | E1: Fasestrøm | F1: Input data | K1: ='Effektkalkulator ice'!A139 -> AC fordeling ICE | N1: Fasestrøm | P1: Alternativer vern-fabrikat | Q1: Ontervaller Ik_min | R1: Type vern | S1: Intervaller Ik_maks | T1: Type vern
A2: ='Effektkalkulator ice'!A135 -> Eksisterende OV-vern (fabrikat) | C2: ='Effektkalkulator ice'!B135 -> Eaton elementautomat | F2: Nettsystem | J2: ='Effektkalkulator ice'!B119 -> IT-230V | K2: ='Effektkalkulator ice'!A140 -> Eksisterende OV-vern (fabrikat) | M2: ='Effektkalkulator ice'!B140 -> Eaton elementautomat | P2: Ikke valgt | Q2: 0.25 | S2: 9.9 | T2: Elementautomat
A3: ='Effektkalkulator ice'!A136 -> Eksisterende OV-vern (størrelse) | C3: ='Beregning AC vern'!Y2 -> Ikke valgt | E3: ='Beregning AC vern'!Y3 -> #N/A | F3: ='Effektkalkulator ice'!A120 -> Dimensjonerende Ik2pmin | J3: ='Effektkalkulator ice'!B120 -> 5 | K3: ='Effektkalkulator ice'!A141 -> Eksisterende OV-vern (størrelse) | M3: ='Beregning AC vern'!Y4 -> 4x32A (TN) | N3: ='Beregning AC vern'!Y5 -> 32 | P3: Eaton elementautomat | Q3: 0.5 | S3: 19.9 | T3: Effektbryter
A4: ='Effektkalkulator ice'!A137 -> Standard OV-vern | C4: ='Effektkalkulator ice'!B137 -> 3x40A (IT) | E4: ='Beregning AC vern'!$Y$7 -> 32 | F4: ='Effektkalkulator ice'!A121 -> Dimensjonerende Ik3pmaks | J4: ='Effektkalkulator ice'!B121 -> 5 | K4: ='Effektkalkulator ice'!A142 -> Standard vern | M4: ='Effektkalkulator ice'!B142 -> Eaton 3x63A (IT) | N4: ='Beregning AC vern'!$Y$7 -> 32 | P4: Schneider elementautomat | Q4: 1
A5: ='Effektkalkulator ice'!A138 -> Standard OV-vern | C5: ='Effektkalkulator ice'!B138 -> Eaton 3x40A (IT) | E5: ='Beregning AC vern'!$Y$9 -> 40 | F5: ='Effektkalkulator ice'!A122 -> Plassering OV-vern | J5: ='Effektkalkulator ice'!B122 -> AC fordeling huseier | K5: ='Effektkalkulator ice'!A143 -> Alternativt OV-vern | M5: ='Effektkalkulator ice'!B143 -> Eaton 3x40A (IT) | N5: ='Beregning AC vern'!$Y$9 -> 40 | P5: Schneider effektbryter | Q5: 2
A6: Gjenbruk ok for Eaton vern | F6: ='Beregning AC vern'!V1 -> Dimensjonerende laststrøm OV-vern (IT/TN) | J6: ='Beregning AC vern'!Y1 -> 32.224201 | K6: Gjenbruk ok for Eaton vern | P6: Annen elementautomat | Q6: 5
A7: Gjenbruk ok for Schneider vern | F7: ='Effektkalkulator ice'!A123 -> Lengde stigekabel | J7: ='Beregning AC vern'!S7 -> 50 | K7: Gjenbruk ok for Schneider vern | P7: Annen effektbryter | Q7: 8.5
A8: Gjenbruk ok for andre vern | F8: ='Effektkalkulator ice'!A124 -> Eksisterende kabel type | J8: ='Beregning AC vern'!S8 -> 16mm2 Cu | K8: Gjenbruk ok for andre vern | P8: Kortslutningsvern | Q8: 10 | R8: Effektbryter
F9: Maks kabellengde eksisterende vern | J9: {=IF(COUNTA(L39:L356=1),SUM(L39:L356),"ERROR")} -> #N/A | Q9: 15 | R9: Effektbryter
F10: Gjenbruk av kabel | J10: =IF(J9>=J7,TRUE,FALSE) -> #N/A
A18: =A1 -> AC fordeling huseier
A19: Nettsystem | B19: Vernleverandør | C19: Vern (A) | D19: Ikpmaks (kA) | E19: Ikpmin (kA) | F19: Tversnitt | G19: Uttak | H19: Nytt tverrsnitt | I19: Ledertype | J19: Kabellengde [m] | K19: Antall aktuelle kabler | L19: Kommentar
A20: =$J$2 -> IT-230V | B20: =$C$2 -> Eaton elementautomat | C20: =$E$3 -> #N/A | D20: {=_xlfn.IFS($J$4<=9.9,9.9,$J$4>9.9,19.9)} -> 9.9 | E20: =VLOOKUP($J$3,$Q$1:$Q$9,1,TRUE) -> 5 | F20: =$J$8 -> 16mm2 Cu | G20: =MID(F20,1,2) -> 16 | H20: {=IF(MIN(FIND({0,1,2,3,4,5,6,7,8,9},$G$20&"_0123456789"))>LEN($G$20), "",SUMPRODUCT(MID(0&$G$20,LARGE(INDEX(ISNUMBER(--MID($G$20,ROW(INDIRECT("$1:$"&LEN($G$20))),1))*ROW(INDIRECT("$1:$"&LEN($G$20))),0),ROW(INDIRECT("$1:$"&LEN($G$20))))+1,1)*10^ROW(INDIRECT("$1:$"&LEN($G$20)))/10))} -> 16 | I20: =MID($F$20,6,3) -> Cu | J20: =_xlfn.IFNA(VLOOKUP(TRUE,K38:L356,2,TRUE),"Ingen treff") -> Ingen treff | K20: =$L$37 -> 0 | L20: Input data eks. vern
A21: =$J$2 -> IT-230V | B21: =IF($J$4<=$S$2,$P$3,$P$5) -> Eaton elementautomat | C21: ='Beregning AC vern'!$Y$7 -> 32 | D21: =IF($J$4<=9.9,9.9,IF($J$4>9.9,19.9,"")) -> 9.9 | E21: =VLOOKUP($J$3,$Q$1:$Q$9,1,TRUE) -> 5 | F21: =VLOOKUP(TRUE,$M$38:$O$356,3,) -> 10mm2 Cu | G21: =MID(F21,1,2) -> 10 | H21: {=IF(MIN(FIND({0,1,2,3,4,5,6,7,8,9},$G$21&"_0123456789"))>LEN($G$21), "",SUMPRODUCT(MID(0&$G$21,LARGE(INDEX(ISNUMBER(--MID($G$21,ROW(INDIRECT("$1:$"&LEN($G$21))),1))*ROW(INDIRECT("$1:$"&LEN($G$21))),0),ROW(INDIRECT("$1:$"&LEN($G$21))))+1,1)*10^ROW(INDIRECT("$1:$"&LEN($G$21)))/10))} -> 10 | I21: =MID(F21,6,3) -> Cu | J21: =_xlfn.IFNA(VLOOKUP(TRUE,$M$38:$O$356,2,),"Ingen treff") -> 81 | K21: =COUNT($N$39:$N$356) -> 3 | L21: Input data - standard vern
A22: =$J$2 -> IT-230V | B22: =IF($J$4<=$S$2,$P$3,$P$5) -> Eaton elementautomat | C22: ='Beregning AC vern'!$Y$7 -> 32 | D22: =IF($J$4<=9.9,9.9,IF($J$4>9.9,19.9,"")) -> 9.9 | E22: =VLOOKUP($J$3,$Q$1:$Q$9,1,TRUE) -> 5 | F22: =VLOOKUP(TRUE,$M$38:$O$356,3,) -> 10mm2 Cu | G22: =MID(F22,1,2) -> 10 | H22: {=IF(MIN(FIND({0,1,2,3,4,5,6,7,8,9},$G$21&"_0123456789"))>LEN($G$21), "",SUMPRODUCT(MID(0&$G$21,LARGE(INDEX(ISNUMBER(--MID($G$21,ROW(INDIRECT("$1:$"&LEN($G$21))),1))*ROW(INDIRECT("$1:$"&LEN($G$21))),0),ROW(INDIRECT("$1:$"&LEN($G$21))))+1,1)*10^ROW(INDIRECT("$1:$"&LEN($G$21)))/10))} -> 10 | I22: =MID(F22,6,3) -> Cu | J22: =VLOOKUP(TRUE,$M$38:$O$356,2,) -> 81 | K22: =COUNT($N$39:$N$356) -> 3 | L22: Input data - standard vern
A23: =$J$2 -> IT-230V | B23: =IF($J$4<=$S$2,$P$3,$P$5) -> Eaton elementautomat | C23: ='Beregning AC vern'!$Y$7 -> 32 | D23: =IF($J$4<=9.9,9.9,IF($J$4>9.9,19.9,"")) -> 9.9 | E23: =VLOOKUP($J$3,$Q$1:$Q$9,1,TRUE) -> 5 | F23: =VLOOKUP(TRUE,$M$38:$O$356,3,) -> 10mm2 Cu | G23: =MID(F23,1,2) -> 10 | H23: {=IF(MIN(FIND({0,1,2,3,4,5,6,7,8,9},$G$21&"_0123456789"))>LEN($G$21), "",SUMPRODUCT(MID(0&$G$21,LARGE(INDEX(ISNUMBER(--MID($G$21,ROW(INDIRECT("$1:$"&LEN($G$21))),1))*ROW(INDIRECT("$1:$"&LEN($G$21))),0),ROW(INDIRECT("$1:$"&LEN($G$21))))+1,1)*10^ROW(INDIRECT("$1:$"&LEN($G$21)))/10))} -> 10 | I23: =MID(F23,6,3) -> Cu | J23: =VLOOKUP(TRUE,$M$38:$O$356,2,) -> 81 | K23: =COUNT($N$39:$N$356) -> 3 | L23: Input data - standard vern
A24: =$J$2 -> IT-230V | B24: =IF($J$4<=$S$2,$P$3,$P$5) -> Eaton elementautomat | C24: ='Beregning AC vern'!$Y$9 -> 40 | D24: =IF($J$4<=9.9,9.9,IF($J$4>9.9,19.9,"")) -> 9.9 | E24: =VLOOKUP($J$3,$Q$1:$Q$9,1,TRUE) -> 5 | F24: =VLOOKUP(TRUE,$P$38:$R$356,3,) -> 16mm2 Cu | G24: =MID(F24,1,2) -> 16 | H24: {=IF(MIN(FIND({0,1,2,3,4,5,6,7,8,9},$G$24&"_0123456789"))>LEN($G$24), "",SUMPRODUCT(MID(0&$G$24,LARGE(INDEX(ISNUMBER(--MID($G$24,ROW(INDIRECT("$1:$"&LEN($G$24))),1))*ROW(INDIRECT("$1:$"&LEN($G$24))),0),ROW(INDIRECT("$1:$"&LEN($G$24))))+1,1)*10^ROW(INDIRECT("$1:$"&LEN($G$24)))/10))} -> 16 | I24: =MID(F24,6,3) -> Cu | J24: =_xlfn.IFNA(VLOOKUP(TRUE,$P$38:$R$356,2,),"Ingen treff") -> 103 | K24: =COUNT($Q$39:$Q$356) -> 3 | L24: Input data - alternativt vern
A25: =$J$2 -> IT-230V | B25: =IF($J$4<=$S$2,$P$3,$P$5) -> Eaton elementautomat | C25: ='Beregning AC vern'!$Y$9 -> 40 | D25: =IF($J$4<=9.9,9.9,IF($J$4>9.9,19.9,"")) -> 9.9 | E25: =VLOOKUP($J$3,$Q$1:$Q$9,1,TRUE) -> 5 | F25: =VLOOKUP(TRUE,$P$38:$R$356,3,) -> 16mm2 Cu | G25: =MID(F25,1,2) -> 16 | H25: {=IF(MIN(FIND({0,1,2,3,4,5,6,7,8,9},$G$24&"_0123456789"))>LEN($G$24), "",SUMPRODUCT(MID(0&$G$24,LARGE(INDEX(ISNUMBER(--MID($G$24,ROW(INDIRECT("$1:$"&LEN($G$24))),1))*ROW(INDIRECT("$1:$"&LEN($G$24))),0),ROW(INDIRECT("$1:$"&LEN($G$24))))+1,1)*10^ROW(INDIRECT("$1:$"&LEN($G$24)))/10))} -> 16 | I25: =MID(F25,6,3) -> Cu | J25: =VLOOKUP(TRUE,$P$38:$R$356,2,) -> 103 | K25: =COUNT($Q$39:$Q$356) -> 3 | L25: Input data - alternativt vern
A26: =$J$2 -> IT-230V | B26: =IF($J$4<=$S$2,$P$3,$P$5) -> Eaton elementautomat | C26: ='Beregning AC vern'!$Y$9 -> 40 | D26: =IF($J$4<=9.9,9.9,IF($J$4>9.9,19.9,"")) -> 9.9 | E26: =VLOOKUP($J$3,$Q$1:$Q$9,1,TRUE) -> 5 | F26: =VLOOKUP(TRUE,$P$38:$R$356,3,) -> 16mm2 Cu | G26: =MID(F26,1,2) -> 16 | H26: {=IF(MIN(FIND({0,1,2,3,4,5,6,7,8,9},$G$24&"_0123456789"))>LEN($G$24), "",SUMPRODUCT(MID(0&$G$24,LARGE(INDEX(ISNUMBER(--MID($G$24,ROW(INDIRECT("$1:$"&LEN($G$24))),1))*ROW(INDIRECT("$1:$"&LEN($G$24))),0),ROW(INDIRECT("$1:$"&LEN($G$24))))+1,1)*10^ROW(INDIRECT("$1:$"&LEN($G$24)))/10))} -> 16 | I26: =MID(F26,6,3) -> Cu | J26: =VLOOKUP(TRUE,$P$38:$R$356,2,) -> 103 | K26: =COUNT($Q$39:$Q$356) -> 3 | L26: Input data - alternativt vern
A28: =K1 -> AC fordeling ICE
A38: Nettsystem | B38: Vernleverandør | C38: Vern (A) | D38: Ikpmaks (kA) | E38: Ikpmin (kA) | F38: Tversnitt | H38: Nytt tverrsnitt | I38: Ledertype | J38: Kabellengde [m] | K38: Test (match kol. A-F) | L38: Maks kabellengde eks. vern | M38: Test (match kol. A-E) | N38: Maks kabellengde standard vern | O38: Tilhørende tverrsnitt/leder | P38: Test (match kol. A-E) | Q38: Maks kabellengde alternativt vern | R38: Tilhørende tverrsnitt/leder | V38: Oversikt IT-anlegg 230V | X38: Kortslutningstrømmer: | AA38: Ikpmaks | AB38: Ikpmin
A39: IT-230V | B39: Schneider elementautomat | C39: 25 | D39: 9.9 | E39: 0.25 | F39: 6mm2 Cu | H39: 6 | I39: =MID(F39,6,3) -> Cu | J39: 15 | K39: =IF(AND($A$20=$A39,$B$20=$B39,$C$20=$C39,$D$20=$D39,$E$20=$E39,$F$20=$F39),TRUE,"") -> #N/A | L39: =IF(K39=TRUE,J39,"") -> #N/A | M39: =IF(AND($A$21=$A39,$B$21=$B39,$C$21=$C39,$D$21=$D39,$E$21=$E39,$J$7<=J39),TRUE,"") | N39: =IF(M39=TRUE,J39,"") | O39: =IF(M39=TRUE,F39,"") | P39: =IF(AND($C$24=50,'Beregning AC vern'!U1="IT-230V"),FALSE,IF(AND($A$24=$A39,$B$24=$B39,$C$24=$C39,$D$24=$D39,$E$24=$E39),TRUE,"")) | Q39: =IF(P39=TRUE,J39,IF(P39=FALSE,FALSE)) -> FALSE | R39: =IF(P39=TRUE,F39,IF(P39=FALSE,"Data mangler")) -> FALSE | V39: vern i H.F for hovedkabler | AA39: 9,9kA | AB39: 0,25-8,5kA
A40: IT-230V | B40: Schneider elementautomat | C40: 25 | D40: 9.9 | E40: 0.25 | F40: 10mm2 Cu | H40: 10 | I40: =MID(F40,6,3) -> Cu | J40: 25 | K40: =IF(AND($A$20=$A40,$B$20=$B40,$C$20=$C40,$D$20=$D40,$E$20=$E40,$F$20=$F40),TRUE,"") -> #N/A | L40: =IF(K40=TRUE,J40,"") -> #N/A | M40: =IF(AND($A$21=$A40,$B$21=$B40,$C$21=$C40,$D$21=$D40,$E$21=$E40,$J$7<=J40),TRUE,"") | N40: =IF(M40=TRUE,J40,"") | O40: =IF(M40=TRUE,F40,"") | P40: =IF(AND($C$24=50,'Beregning AC vern'!U2="IT-230V"),FALSE,IF(AND($A$24=$A40,$B$24=$B40,$C$24=$C40,$D$24=$D40,$E$24=$E40),TRUE,"")) | Q40: =IF(P40=TRUE,J40,IF(P40=FALSE,FALSE)) -> FALSE | R40: =IF(P40=TRUE,F40,IF(P40=FALSE,"Data mangler")) -> FALSE | V40: Schneider elementautomat
A41: IT-230V | B41: Schneider elementautomat | C41: 25 | D41: 9.9 | E41: 0.25 | F41: 25mm2 Al | H41: 25 | I41: =MID(F41,6,3) -> Al | J41: 38 | K41: =IF(AND($A$20=$A41,$B$20=$B41,$C$20=$C41,$D$20=$D41,$E$20=$E41,$F$20=$F41),TRUE,"") -> #N/A | L41: =IF(K41=TRUE,J41,"") -> #N/A | M41: =IF(AND($A$21=$A41,$B$21=$B41,$C$21=$C41,$D$21=$D41,$E$21=$E41,$J$7<=J41),TRUE,"") | N41: =IF(M41=TRUE,J41,"") | O41: =IF(M41=TRUE,F41,"") | P41: =IF(AND($C$24=50,'Beregning AC vern'!U3="IT-230V"),FALSE,IF(AND($A$24=$A41,$B$24=$B41,$C$24=$C41,$D$24=$D41,$E$24=$E41),TRUE,"")) | Q41: =IF(P41=TRUE,J41,IF(P41=FALSE,FALSE)) -> FALSE | R41: =IF(P41=TRUE,F41,IF(P41=FALSE,"Data mangler")) -> FALSE
A42: IT-230V | B42: Schneider elementautomat | C42: 25 | D42: 9.9 | E42: 0.25 | F42: 50mm2 Al | H42: 50 | I42: =MID(F42,6,3) -> Al | J42: 69 | K42: =IF(AND($A$20=$A42,$B$20=$B42,$C$20=$C42,$D$20=$D42,$E$20=$E42,$F$20=$F42),TRUE,"") -> #N/A | L42: =IF(K42=TRUE,J42,"") -> #N/A | M42: =IF(AND($A$21=$A42,$B$21=$B42,$C$21=$C42,$D$21=$D42,$E$21=$E42,$J$7<=J42),TRUE,"") | N42: =IF(M42=TRUE,J42,"") | O42: =IF(M42=TRUE,F42,"") | P42: =IF(AND($C$24=50,'Beregning AC vern'!U4="IT-230V"),FALSE,IF(AND($A$24=$A42,$B$24=$B42,$C$24=$C42,$D$24=$D42,$E$24=$E42),TRUE,"")) | Q42: =IF(P42=TRUE,J42,IF(P42=FALSE,FALSE)) -> FALSE | R42: =IF(P42=TRUE,F42,IF(P42=FALSE,"Data mangler")) -> FALSE
A43: IT-230V | B43: Schneider elementautomat | C43: 25 | D43: 9.9 | E43: 0.5 | F43: 6mm2 Cu | H43: 6 | I43: =MID(F43,6,3) -> Cu | J43: 43 | K43: =IF(AND($A$20=$A43,$B$20=$B43,$C$20=$C43,$D$20=$D43,$E$20=$E43,$F$20=$F43),TRUE,"") -> #N/A | L43: =IF(K43=TRUE,J43,"") -> #N/A | M43: =IF(AND($A$21=$A43,$B$21=$B43,$C$21=$C43,$D$21=$D43,$E$21=$E43,$J$7<=J43),TRUE,"") | N43: =IF(M43=TRUE,J43,"") | O43: =IF(M43=TRUE,F43,"") | P43: =IF(AND($C$24=50,'Beregning AC vern'!U5="IT-230V"),FALSE,IF(AND($A$24=$A43,$B$24=$B43,$C$24=$C43,$D$24=$D43,$E$24=$E43),TRUE,"")) | Q43: =IF(P43=TRUE,J43,IF(P43=FALSE,FALSE)) -> FALSE | R43: =IF(P43=TRUE,F43,IF(P43=FALSE,"Data mangler")) -> FALSE
A44: IT-230V | B44: Schneider elementautomat | C44: 25 | D44: 9.9 | E44: 0.5 | F44: 10mm2 Cu | H44: 10 | I44: =MID(F44,6,3) -> Cu | J44: 73 | K44: =IF(AND($A$20=$A44,$B$20=$B44,$C$20=$C44,$D$20=$D44,$E$20=$E44,$F$20=$F44),TRUE,"") -> #N/A | L44: =IF(K44=TRUE,J44,"") -> #N/A | M44: =IF(AND($A$21=$A44,$B$21=$B44,$C$21=$C44,$D$21=$D44,$E$21=$E44,$J$7<=J44),TRUE,"") | N44: =IF(M44=TRUE,J44,"") | O44: =IF(M44=TRUE,F44,"") | P44: =IF(AND($C$24=50,'Beregning AC vern'!U6="IT-230V"),FALSE,IF(AND($A$24=$A44,$B$24=$B44,$C$24=$C44,$D$24=$D44,$E$24=$E44),TRUE,"")) | Q44: =IF(P44=TRUE,J44,IF(P44=FALSE,FALSE)) -> FALSE | R44: =IF(P44=TRUE,F44,IF(P44=FALSE,"Data mangler")) -> FALSE
A45: IT-230V | B45: Schneider elementautomat | C45: 25 | D45: 9.9 | E45: 0.5 | F45: 25mm2 Al | H45: 25 | I45: =MID(F45,6,3) -> Al | J45: 110 | K45: =IF(AND($A$20=$A45,$B$20=$B45,$C$20=$C45,$D$20=$D45,$E$20=$E45,$F$20=$F45),TRUE,"") -> #N/A | L45: =IF(K45=TRUE,J45,"") -> #N/A | M45: =IF(AND($A$21=$A45,$B$21=$B45,$C$21=$C45,$D$21=$D45,$E$21=$E45,$J$7<=J45),TRUE,"") | N45: =IF(M45=TRUE,J45,"") | O45: =IF(M45=TRUE,F45,"") | P45: =IF(AND($C$24=50,'Beregning AC vern'!U7="IT-230V"),FALSE,IF(AND($A$24=$A45,$B$24=$B45,$C$24=$C45,$D$24=$D45,$E$24=$E45),TRUE,"")) | Q45: =IF(P45=TRUE,J45,IF(P45=FALSE,FALSE)) -> FALSE | R45: =IF(P45=TRUE,F45,IF(P45=FALSE,"Data mangler")) -> FALSE
A46: IT-230V | B46: Schneider elementautomat | C46: 25 | D46: 9.9 | E46: 0.5 | F46: 50mm2 Al | H46: 50 | I46: =MID(F46,6,3) -> Al | J46: 204 | K46: =IF(AND($A$20=$A46,$B$20=$B46,$C$20=$C46,$D$20=$D46,$E$20=$E46,$F$20=$F46),TRUE,"") -> #N/A | L46: =IF(K46=TRUE,J46,"") -> #N/A | M46: =IF(AND($A$21=$A46,$B$21=$B46,$C$21=$C46,$D$21=$D46,$E$21=$E46,$J$7<=J46),TRUE,"") | N46: =IF(M46=TRUE,J46,"") | O46: =IF(M46=TRUE,F46,"") | P46: =IF(AND($C$24=50,'Beregning AC vern'!U8="IT-230V"),FALSE,IF(AND($A$24=$A46,$B$24=$B46,$C$24=$C46,$D$24=$D46,$E$24=$E46),TRUE,"")) | Q46: =IF(P46=TRUE,J46,IF(P46=FALSE,FALSE)) -> FALSE | R46: =IF(P46=TRUE,F46,IF(P46=FALSE,"Data mangler")) -> FALSE
A47: IT-230V | B47: Schneider elementautomat | C47: 32 | D47: 9.9 | E47: 0.5 | F47: 10mm2 Cu | H47: 10 | I47: =MID(F47,6,3) -> Cu | J47: 44 | K47: =IF(AND($A$20=$A47,$B$20=$B47,$C$20=$C47,$D$20=$D47,$E$20=$E47,$F$20=$F47),TRUE,"") -> #N/A | L47: =IF(K47=TRUE,J47,"") -> #N/A | M47: =IF(AND($A$21=$A47,$B$21=$B47,$C$21=$C47,$D$21=$D47,$E$21=$E47,$J$7<=J47),TRUE,"") | N47: =IF(M47=TRUE,J47,"") | O47: =IF(M47=TRUE,F47,"") | P47: =IF(AND($C$24=50,'Beregning AC vern'!U9="IT-230V"),FALSE,IF(AND($A$24=$A47,$B$24=$B47,$C$24=$C47,$D$24=$D47,$E$24=$E47),TRUE,"")) | Q47: =IF(P47=TRUE,J47,IF(P47=FALSE,FALSE)) -> FALSE | R47: =IF(P47=TRUE,F47,IF(P47=FALSE,"Data mangler")) -> FALSE
A48: IT-230V | B48: Schneider elementautomat | C48: 32 | D48: 9.9 | E48: 0.5 | F48: 25mm2 Al | H48: 25 | I48: =MID(F48,6,3) -> Al | J48: 66 | K48: =IF(AND($A$20=$A48,$B$20=$B48,$C$20=$C48,$D$20=$D48,$E$20=$E48,$F$20=$F48),TRUE,"") -> #N/A | L48: =IF(K48=TRUE,J48,"") -> #N/A | M48: =IF(AND($A$21=$A48,$B$21=$B48,$C$21=$C48,$D$21=$D48,$E$21=$E48,$J$7<=J48),TRUE,"") | N48: =IF(M48=TRUE,J48,"") | O48: =IF(M48=TRUE,F48,"") | P48: =IF(AND($C$24=50,'Beregning AC vern'!U10="IT-230V"),FALSE,IF(AND($A$24=$A48,$B$24=$B48,$C$24=$C48,$D$24=$D48,$E$24=$E48),TRUE,"")) | Q48: =IF(P48=TRUE,J48,IF(P48=FALSE,FALSE)) -> FALSE | R48: =IF(P48=TRUE,F48,IF(P48=FALSE,"Data mangler")) -> FALSE
A49: IT-230V | B49: Schneider elementautomat | C49: 32 | D49: 9.9 | E49: 0.5 | F49: 50mm2 Al | H49: 50 | I49: =MID(F49,6,3) -> Al | J49: 123 | K49: =IF(AND($A$20=$A49,$B$20=$B49,$C$20=$C49,$D$20=$D49,$E$20=$E49,$F$20=$F49),TRUE,"") -> #N/A | L49: =IF(K49=TRUE,J49,"") -> #N/A | M49: =IF(AND($A$21=$A49,$B$21=$B49,$C$21=$C49,$D$21=$D49,$E$21=$E49,$J$7<=J49),TRUE,"") | N49: =IF(M49=TRUE,J49,"") | O49: =IF(M49=TRUE,F49,"") | P49: =IF(AND($C$24=50,'Beregning AC vern'!U11="IT-230V"),FALSE,IF(AND($A$24=$A49,$B$24=$B49,$C$24=$C49,$D$24=$D49,$E$24=$E49),TRUE,"")) | Q49: =IF(P49=TRUE,J49,IF(P49=FALSE,FALSE)) -> FALSE | R49: =IF(P49=TRUE,F49,IF(P49=FALSE,"Data mangler")) -> FALSE
A50: IT-230V | B50: Schneider elementautomat | C50: 40 | D50: 9.9 | E50: 0.5 | F50: 16mm2 Cu | H50: 16 | I50: =MID(F50,6,3) -> Cu | J50: 45 | K50: =IF(AND($A$20=$A50,$B$20=$B50,$C$20=$C50,$D$20=$D50,$E$20=$E50,$F$20=$F50),TRUE,"") -> #N/A | L50: =IF(K50=TRUE,J50,"") -> #N/A | M50: =IF(AND($A$21=$A50,$B$21=$B50,$C$21=$C50,$D$21=$D50,$E$21=$E50,$J$7<=J50),TRUE,"") | N50: =IF(M50=TRUE,J50,"") | O50: =IF(M50=TRUE,F50,"") | P50: =IF(AND($C$24=50,'Beregning AC vern'!U12="IT-230V"),FALSE,IF(AND($A$24=$A50,$B$24=$B50,$C$24=$C50,$D$24=$D50,$E$24=$E50),TRUE,"")) | Q50: =IF(P50=TRUE,J50,IF(P50=FALSE,FALSE)) -> FALSE | R50: =IF(P50=TRUE,F50,IF(P50=FALSE,"Data mangler")) -> FALSE
A51: IT-230V | B51: Schneider elementautomat | C51: 40 | D51: 9.9 | E51: 0.5 | F51: 25mm2 Al | H51: 25 | I51: =MID(F51,6,3) -> Al | J51: 43 | K51: =IF(AND($A$20=$A51,$B$20=$B51,$C$20=$C51,$D$20=$D51,$E$20=$E51,$F$20=$F51),TRUE,"") -> #N/A | L51: =IF(K51=TRUE,J51,"") -> #N/A | M51: =IF(AND($A$21=$A51,$B$21=$B51,$C$21=$C51,$D$21=$D51,$E$21=$E51,$J$7<=J51),TRUE,"") | N51: =IF(M51=TRUE,J51,"") | O51: =IF(M51=TRUE,F51,"") | P51: =IF(AND($C$24=50,'Beregning AC vern'!U13="IT-230V"),FALSE,IF(AND($A$24=$A51,$B$24=$B51,$C$24=$C51,$D$24=$D51,$E$24=$E51),TRUE,"")) | Q51: =IF(P51=TRUE,J51,IF(P51=FALSE,FALSE)) -> FALSE | R51: =IF(P51=TRUE,F51,IF(P51=FALSE,"Data mangler")) -> FALSE
A52: IT-230V | B52: Schneider elementautomat | C52: 40 | D52: 9.9 | E52: 0.5 | F52: 50mm2 Al | H52: 50 | I52: =MID(F52,6,3) -> Al | J52: 80 | K52: =IF(AND($A$20=$A52,$B$20=$B52,$C$20=$C52,$D$20=$D52,$E$20=$E52,$F$20=$F52),TRUE,"") -> #N/A | L52: =IF(K52=TRUE,J52,"") -> #N/A | M52: =IF(AND($A$21=$A52,$B$21=$B52,$C$21=$C52,$D$21=$D52,$E$21=$E52,$J$7<=J52),TRUE,"") | N52: =IF(M52=TRUE,J52,"") | O52: =IF(M52=TRUE,F52,"") | P52: =IF(AND($C$24=50,'Beregning AC vern'!U14="IT-230V"),FALSE,IF(AND($A$24=$A52,$B$24=$B52,$C$24=$C52,$D$24=$D52,$E$24=$E52),TRUE,"")) | Q52: =IF(P52=TRUE,J52,IF(P52=FALSE,FALSE)) -> FALSE | R52: =IF(P52=TRUE,F52,IF(P52=FALSE,"Data mangler")) -> FALSE
... A101: IT-230V | B101: Schneider elementautomat | C101: 80 | D101: 9.9 | E101: 8.5 | F101: 50mm2 Al | H101: 50 | I101: =MID(F101,6,3) -> Al | J101: 171 | K101: =IF(AND($A$20=$A101,$B$20=$B101,$C$20=$C101,$D$20=$D101,$E$20=$E101,$F$20=$F101),TRUE,"") -> #N/A | L101: =IF(K101=TRUE,J101,"") -> #N/A | M101: =IF(AND($A$21=$A101,$B$21=$B101,$C$21=$C101,$D$21=$D101,$E$21=$E101,$J$7<=J101),TRUE,"") | N101: =IF(M101=TRUE,J101,"") | O101: =IF(M101=TRUE,F101,"") | P101: =IF(AND($C$24=50,'Beregning AC vern'!U63="IT-230V"),FALSE,IF(AND($A$24=$A101,$B$24=$B101,$C$24=$C101,$D$24=$D101,$E$24=$E101),TRUE,"")) | Q101: =IF(P101=TRUE,J101,IF(P101=FALSE,FALSE)) -> FALSE | R101: =IF(P101=TRUE,F101,IF(P101=FALSE,"Data mangler")) -> FALSE
A102: Nettsystem | B102: Vernleverandør | C102: Vern (A) | D102: Ikpmaks (kA) | E102: Ikpmin (kA) | F102: Tversnitt | H102: Nytt tverrsnitt | I102: Ledertype | J102: Kabellengde (m) | K102: =IF(AND($A$20=$A102,$B$20=$B102,$C$20=$C102,$D$20=$D102,$E$20=$E102,$F$20=$F102),TRUE,"") -> #N/A | L102: =IF(K102=TRUE,J102,"") -> #N/A | M102: =IF(AND($A$21=$A102,$B$21=$B102,$C$21=$C102,$D$21=$D102,$E$21=$E102,$J$7<=J102),TRUE,"") | N102: =IF(M102=TRUE,J102,"") | O102: =IF(M102=TRUE,F102,"") | P102: =IF(AND($C$24=50,'Beregning AC vern'!U64="IT-230V"),FALSE,IF(AND($A$24=$A102,$B$24=$B102,$C$24=$C102,$D$24=$D102,$E$24=$E102),TRUE,"")) | Q102: =IF(P102=TRUE,J102,IF(P102=FALSE,FALSE)) -> FALSE | R102: =IF(P102=TRUE,F102,IF(P102=FALSE,"Data mangler")) -> FALSE
A103: TN-400V | B103: Schneider elementautomat | C103: 25 | D103: 9.9 | E103: 0.25 | F103: 6mm2 Cu | H103: 6 | I103: =MID(F103,6,3) -> Cu | J103: 52 | K103: =IF(AND($A$20=$A103,$B$20=$B103,$C$20=$C103,$D$20=$D103,$E$20=$E103,$F$20=$F103),TRUE,"") -> #N/A | L103: =IF(K103=TRUE,J103,"") -> #N/A | M103: =IF(AND($A$21=$A103,$B$21=$B103,$C$21=$C103,$D$21=$D103,$E$21=$E103,$J$7<=J103),TRUE,"") | N103: =IF(M103=TRUE,J103,"") | O103: =IF(M103=TRUE,F103,"") | P103: =IF(AND($C$24=50,'Beregning AC vern'!U65="IT-230V"),FALSE,IF(AND($A$24=$A103,$B$24=$B103,$C$24=$C103,$D$24=$D103,$E$24=$E103),TRUE,"")) | Q103: =IF(P103=TRUE,J103,IF(P103=FALSE,FALSE)) -> FALSE | R103: =IF(P103=TRUE,F103,IF(P103=FALSE,"Data mangler")) -> FALSE | V103: Oversikt TN-anlegg 400V | X103: Kortslutningstrømmer: | AA103: Ikpmaks | AB103: Ikpmin
A104: TN-400V | B104: Schneider elementautomat | C104: 25 | D104: 9.9 | E104: 0.25 | F104: 10mm2 Cu | H104: 10 | I104: =MID(F104,6,3) -> Cu | J104: 86 | K104: =IF(AND($A$20=$A104,$B$20=$B104,$C$20=$C104,$D$20=$D104,$E$20=$E104,$F$20=$F104),TRUE,"") -> #N/A | L104: =IF(K104=TRUE,J104,"") -> #N/A | M104: =IF(AND($A$21=$A104,$B$21=$B104,$C$21=$C104,$D$21=$D104,$E$21=$E104,$J$7<=J104),TRUE,"") | N104: =IF(M104=TRUE,J104,"") | O104: =IF(M104=TRUE,F104,"") | P104: =IF(AND($C$24=50,'Beregning AC vern'!U66="IT-230V"),FALSE,IF(AND($A$24=$A104,$B$24=$B104,$C$24=$C104,$D$24=$D104,$E$24=$E104),TRUE,"")) | Q104: =IF(P104=TRUE,J104,IF(P104=FALSE,FALSE)) -> FALSE | R104: =IF(P104=TRUE,F104,IF(P104=FALSE,"Data mangler")) -> FALSE | V104: Vern for stigere til Ice U.F | AA104: 9,9kA | AB104: 0,25-8,5kA
A105: TN-400V | B105: Schneider elementautomat | C105: 25 | D105: 9.9 | E105: 0.25 | F105: 25mm2 Al | H105: 25 | I105: =MID(F105,6,3) -> Al | J105: 132 | K105: =IF(AND($A$20=$A105,$B$20=$B105,$C$20=$C105,$D$20=$D105,$E$20=$E105,$F$20=$F105),TRUE,"") -> #N/A | L105: =IF(K105=TRUE,J105,"") -> #N/A | M105: =IF(AND($A$21=$A105,$B$21=$B105,$C$21=$C105,$D$21=$D105,$E$21=$E105,$J$7<=J105),TRUE,"") | N105: =IF(M105=TRUE,J105,"") | O105: =IF(M105=TRUE,F105,"") | P105: =IF(AND($C$24=50,'Beregning AC vern'!U67="IT-230V"),FALSE,IF(AND($A$24=$A105,$B$24=$B105,$C$24=$C105,$D$24=$D105,$E$24=$E105),TRUE,"")) | Q105: =IF(P105=TRUE,J105,IF(P105=FALSE,FALSE)) -> FALSE | R105: =IF(P105=TRUE,F105,IF(P105=FALSE,"Data mangler")) -> FALSE | V105: Schneider elementautomat
A106: TN-400V | B106: Schneider elementautomat | C106: 25 | D106: 9.9 | E106: 0.25 | F106: 50mm2 Al | H106: 50 | I106: =MID(F106,6,3) -> Al | J106: 241 | K106: =IF(AND($A$20=$A106,$B$20=$B106,$C$20=$C106,$D$20=$D106,$E$20=$E106,$F$20=$F106),TRUE,"") -> #N/A | L106: =IF(K106=TRUE,J106,"") -> #N/A | M106: =IF(AND($A$21=$A106,$B$21=$B106,$C$21=$C106,$D$21=$D106,$E$21=$E106,$J$7<=J106),TRUE,"") | N106: =IF(M106=TRUE,J106,"") | O106: =IF(M106=TRUE,F106,"") | P106: =IF(AND($C$24=50,'Beregning AC vern'!U68="IT-230V"),FALSE,IF(AND($A$24=$A106,$B$24=$B106,$C$24=$C106,$D$24=$D106,$E$24=$E106),TRUE,"")) | Q106: =IF(P106=TRUE,J106,IF(P106=FALSE,FALSE)) -> FALSE | R106: =IF(P106=TRUE,F106,IF(P106=FALSE,"Data mangler")) -> FALSE
A107: TN-400V | B107: Schneider elementautomat | C107: 25 | D107: 9.9 | E107: 0.5 | F107: 6mm2 Cu | H107: 6 | I107: =MID(F107,6,3) -> Cu | J107: 75 | K107: =IF(AND($A$20=$A107,$B$20=$B107,$C$20=$C107,$D$20=$D107,$E$20=$E107,$F$20=$F107),TRUE,"") -> #N/A | L107: =IF(K107=TRUE,J107,"") -> #N/A | M107: =IF(AND($A$21=$A107,$B$21=$B107,$C$21=$C107,$D$21=$D107,$E$21=$E107,$J$7<=J107),TRUE,"") | N107: =IF(M107=TRUE,J107,"") | O107: =IF(M107=TRUE,F107,"") | P107: =IF(AND($C$24=50,'Beregning AC vern'!U69="IT-230V"),FALSE,IF(AND($A$24=$A107,$B$24=$B107,$C$24=$C107,$D$24=$D107,$E$24=$E107),TRUE,"")) | Q107: =IF(P107=TRUE,J107,IF(P107=FALSE,FALSE)) -> FALSE | R107: =IF(P107=TRUE,F107,IF(P107=FALSE,"Data mangler")) -> FALSE
A108: TN-400V | B108: Schneider elementautomat | C108: 25 | D108: 9.9 | E108: 0.5 | F108: 10mm2 Cu | H108: 10 | I108: =MID(F108,6,3) -> Cu | J108: 127 | K108: =IF(AND($A$20=$A108,$B$20=$B108,$C$20=$C108,$D$20=$D108,$E$20=$E108,$F$20=$F108),TRUE,"") -> #N/A | L108: =IF(K108=TRUE,J108,"") -> #N/A | M108: =IF(AND($A$21=$A108,$B$21=$B108,$C$21=$C108,$D$21=$D108,$E$21=$E108,$J$7<=J108),TRUE,"") | N108: =IF(M108=TRUE,J108,"") | O108: =IF(M108=TRUE,F108,"") | P108: =IF(AND($C$24=50,'Beregning AC vern'!U70="IT-230V"),FALSE,IF(AND($A$24=$A108,$B$24=$B108,$C$24=$C108,$D$24=$D108,$E$24=$E108),TRUE,"")) | Q108: =IF(P108=TRUE,J108,IF(P108=FALSE,FALSE)) -> FALSE | R108: =IF(P108=TRUE,F108,IF(P108=FALSE,"Data mangler")) -> FALSE
A109: TN-400V | B109: Schneider elementautomat | C109: 25 | D109: 9.9 | E109: 0.5 | F109: 25mm2 Al | H109: 25 | I109: =MID(F109,6,3) -> Al | J109: 199 | K109: =IF(AND($A$20=$A109,$B$20=$B109,$C$20=$C109,$D$20=$D109,$E$20=$E109,$F$20=$F109),TRUE,"") -> #N/A | L109: =IF(K109=TRUE,J109,"") -> #N/A | M109: =IF(AND($A$21=$A109,$B$21=$B109,$C$21=$C109,$D$21=$D109,$E$21=$E109,$J$7<=J109),TRUE,"") | N109: =IF(M109=TRUE,J109,"") | O109: =IF(M109=TRUE,F109,"") | P109: =IF(AND($C$24=50,'Beregning AC vern'!U71="IT-230V"),FALSE,IF(AND($A$24=$A109,$B$24=$B109,$C$24=$C109,$D$24=$D109,$E$24=$E109),TRUE,"")) | Q109: =IF(P109=TRUE,J109,IF(P109=FALSE,FALSE)) -> FALSE | R109: =IF(P109=TRUE,F109,IF(P109=FALSE,"Data mangler")) -> FALSE
A110: TN-400V | B110: Schneider elementautomat | C110: 25 | D110: 9.9 | E110: 0.5 | F110: 50mm2 Al | H110: 50 | I110: =MID(F110,6,3) -> Al | J110: 368 | K110: =IF(AND($A$20=$A110,$B$20=$B110,$C$20=$C110,$D$20=$D110,$E$20=$E110,$F$20=$F110),TRUE,"") -> #N/A | L110: =IF(K110=TRUE,J110,"") -> #N/A | M110: =IF(AND($A$21=$A110,$B$21=$B110,$C$21=$C110,$D$21=$D110,$E$21=$E110,$J$7<=J110),TRUE,"") | N110: =IF(M110=TRUE,J110,"") | O110: =IF(M110=TRUE,F110,"") | P110: =IF(AND($C$24=50,'Beregning AC vern'!U72="IT-230V"),FALSE,IF(AND($A$24=$A110,$B$24=$B110,$C$24=$C110,$D$24=$D110,$E$24=$E110),TRUE,"")) | Q110: =IF(P110=TRUE,J110,IF(P110=FALSE,FALSE)) -> FALSE | R110: =IF(P110=TRUE,F110,IF(P110=FALSE,"Data mangler")) -> FALSE
A111: TN-400V | B111: Schneider elementautomat | C111: 32 | D111: 9.9 | E111: 0.5 | F111: 10mm2 Cu | H111: 10 | I111: =MID(F111,6,3) -> Cu | J111: 73 | K111: =IF(AND($A$20=$A111,$B$20=$B111,$C$20=$C111,$D$20=$D111,$E$20=$E111,$F$20=$F111),TRUE,"") -> #N/A | L111: =IF(K111=TRUE,J111,"") -> #N/A | M111: =IF(AND($A$21=$A111,$B$21=$B111,$C$21=$C111,$D$21=$D111,$E$21=$E111,$J$7<=J111),TRUE,"") | N111: =IF(M111=TRUE,J111,"") | O111: =IF(M111=TRUE,F111,"") | P111: =IF(AND($C$24=50,'Beregning AC vern'!U73="IT-230V"),FALSE,IF(AND($A$24=$A111,$B$24=$B111,$C$24=$C111,$D$24=$D111,$E$24=$E111),TRUE,"")) | Q111: =IF(P111=TRUE,J111,IF(P111=FALSE,FALSE)) -> FALSE | R111: =IF(P111=TRUE,F111,IF(P111=FALSE,"Data mangler")) -> FALSE
A112: TN-400V | B112: Schneider elementautomat | C112: 32 | D112: 9.9 | E112: 0.5 | F112: 25mm2 Al | H112: 25 | I112: =MID(F112,6,3) -> Al | J112: 111 | K112: =IF(AND($A$20=$A112,$B$20=$B112,$C$20=$C112,$D$20=$D112,$E$20=$E112,$F$20=$F112),TRUE,"") -> #N/A | L112: =IF(K112=TRUE,J112,"") -> #N/A | M112: =IF(AND($A$21=$A112,$B$21=$B112,$C$21=$C112,$D$21=$D112,$E$21=$E112,$J$7<=J112),TRUE,"") | N112: =IF(M112=TRUE,J112,"") | O112: =IF(M112=TRUE,F112,"") | P112: =IF(AND($C$24=50,'Beregning AC vern'!U74="IT-230V"),FALSE,IF(AND($A$24=$A112,$B$24=$B112,$C$24=$C112,$D$24=$D112,$E$24=$E112),TRUE,"")) | Q112: =IF(P112=TRUE,J112,IF(P112=FALSE,FALSE)) -> FALSE | R112: =IF(P112=TRUE,F112,IF(P112=FALSE,"Data mangler")) -> FALSE
A113: TN-400V | B113: Schneider elementautomat | C113: 32 | D113: 9.9 | E113: 0.5 | F113: 50mm2 Al | H113: 50 | I113: =MID(F113,6,3) -> Al | J113: 205 | K113: =IF(AND($A$20=$A113,$B$20=$B113,$C$20=$C113,$D$20=$D113,$E$20=$E113,$F$20=$F113),TRUE,"") -> #N/A | L113: =IF(K113=TRUE,J113,"") -> #N/A | M113: =IF(AND($A$21=$A113,$B$21=$B113,$C$21=$C113,$D$21=$D113,$E$21=$E113,$J$7<=J113),TRUE,"") | N113: =IF(M113=TRUE,J113,"") | O113: =IF(M113=TRUE,F113,"") | P113: =IF(AND($C$24=50,'Beregning AC vern'!U75="IT-230V"),FALSE,IF(AND($A$24=$A113,$B$24=$B113,$C$24=$C113,$D$24=$D113,$E$24=$E113),TRUE,"")) | Q113: =IF(P113=TRUE,J113,IF(P113=FALSE,FALSE)) -> FALSE | R113: =IF(P113=TRUE,F113,IF(P113=FALSE,"Data mangler")) -> FALSE
A114: TN-400V | B114: Schneider elementautomat | C114: 40 | D114: 9.9 | E114: 0.5 | F114: 16mm2 Cu | H114: 16 | I114: =MID(F114,6,3) -> Cu | J114: 67 | K114: =IF(AND($A$20=$A114,$B$20=$B114,$C$20=$C114,$D$20=$D114,$E$20=$E114,$F$20=$F114),TRUE,"") -> #N/A | L114: =IF(K114=TRUE,J114,"") -> #N/A | M114: =IF(AND($A$21=$A114,$B$21=$B114,$C$21=$C114,$D$21=$D114,$E$21=$E114,$J$7<=J114),TRUE,"") | N114: =IF(M114=TRUE,J114,"") | O114: =IF(M114=TRUE,F114,"") | P114: =IF(AND($C$24=50,'Beregning AC vern'!U76="IT-230V"),FALSE,IF(AND($A$24=$A114,$B$24=$B114,$C$24=$C114,$D$24=$D114,$E$24=$E114),TRUE,"")) | Q114: =IF(P114=TRUE,J114,IF(P114=FALSE,FALSE)) -> FALSE | R114: =IF(P114=TRUE,F114,IF(P114=FALSE,"Data mangler")) -> FALSE
A115: TN-400V | B115: Schneider elementautomat | C115: 40 | D115: 9.9 | E115: 0.5 | F115: 25mm2 Al | H115: 25 | I115: =MID(F115,6,3) -> Al | J115: 64 | K115: =IF(AND($A$20=$A115,$B$20=$B115,$C$20=$C115,$D$20=$D115,$E$20=$E115,$F$20=$F115),TRUE,"") -> #N/A | L115: =IF(K115=TRUE,J115,"") -> #N/A | M115: =IF(AND($A$21=$A115,$B$21=$B115,$C$21=$C115,$D$21=$D115,$E$21=$E115,$J$7<=J115),TRUE,"") | N115: =IF(M115=TRUE,J115,"") | O115: =IF(M115=TRUE,F115,"") | P115: =IF(AND($C$24=50,'Beregning AC vern'!U77="IT-230V"),FALSE,IF(AND($A$24=$A115,$B$24=$B115,$C$24=$C115,$D$24=$D115,$E$24=$E115),TRUE,"")) | Q115: =IF(P115=TRUE,J115,IF(P115=FALSE,FALSE)) -> FALSE | R115: =IF(P115=TRUE,F115,IF(P115=FALSE,"Data mangler")) -> FALSE
A116: TN-400V | B116: Schneider elementautomat | C116: 40 | D116: 9.9 | E116: 0.5 | F116: 50mm2 Al | H116: 50 | I116: =MID(F116,6,3) -> Al | J116: 118 | K116: =IF(AND($A$20=$A116,$B$20=$B116,$C$20=$C116,$D$20=$D116,$E$20=$E116,$F$20=$F116),TRUE,"") -> #N/A | L116: =IF(K116=TRUE,J116,"") -> #N/A | M116: =IF(AND($A$21=$A116,$B$21=$B116,$C$21=$C116,$D$21=$D116,$E$21=$E116,$J$7<=J116),TRUE,"") | N116: =IF(M116=TRUE,J116,"") | O116: =IF(M116=TRUE,F116,"") | P116: =IF(AND($C$24=50,'Beregning AC vern'!U78="IT-230V"),FALSE,IF(AND($A$24=$A116,$B$24=$B116,$C$24=$C116,$D$24=$D116,$E$24=$E116),TRUE,"")) | Q116: =IF(P116=TRUE,J116,IF(P116=FALSE,FALSE)) -> FALSE | R116: =IF(P116=TRUE,F116,IF(P116=FALSE,"Data mangler")) -> FALSE
A117: TN-400V | B117: Schneider elementautomat | C117: 50 | D117: 9.9 | E117: 0.5 | F117: 50mm2 Al | H117: 50 | I117: =MID(F117,6,3) -> Al | J117: 26 | K117: =IF(AND($A$20=$A117,$B$20=$B117,$C$20=$C117,$D$20=$D117,$E$20=$E117,$F$20=$F117),TRUE,"") -> #N/A | L117: =IF(K117=TRUE,J117,"") -> #N/A | M117: =IF(AND($A$21=$A117,$B$21=$B117,$C$21=$C117,$D$21=$D117,$E$21=$E117,$J$7<=J117),TRUE,"") | N117: =IF(M117=TRUE,J117,"") | O117: =IF(M117=TRUE,F117,"") | P117: =IF(AND($C$24=50,'Beregning AC vern'!U79="IT-230V"),FALSE,IF(AND($A$24=$A117,$B$24=$B117,$C$24=$C117,$D$24=$D117,$E$24=$E117),TRUE,"")) | Q117: =IF(P117=TRUE,J117,IF(P117=FALSE,FALSE)) -> FALSE | R117: =IF(P117=TRUE,F117,IF(P117=FALSE,"Data mangler")) -> FALSE
... A161: TN-400V | B161: Schneider elementautomat | C161: 50 | D161: 9.9 | E161: 8.5 | F161: 50mm2 Al | H161: 50 | I161: =MID(F161,6,3) -> Al | J161: 26 | K161: =IF(AND($A$20=$A161,$B$20=$B161,$C$20=$C161,$D$20=$D161,$E$20=$E161,$F$20=$F161),TRUE,"") -> #N/A | L161: =IF(K161=TRUE,J161,"") -> #N/A | M161: =IF(AND($A$21=$A161,$B$21=$B161,$C$21=$C161,$D$21=$D161,$E$21=$E161,$J$7<=J161),TRUE,"") | N161: =IF(M161=TRUE,J161,"") | O161: =IF(M161=TRUE,F161,"") | P161: =IF(AND($C$24=50,'Beregning AC vern'!U123="IT-230V"),FALSE,IF(AND($A$24=$A161,$B$24=$B161,$C$24=$C161,$D$24=$D161,$E$24=$E161),TRUE,"")) | Q161: =IF(P161=TRUE,J161,IF(P161=FALSE,FALSE)) -> FALSE | R161: =IF(P161=TRUE,F161,IF(P161=FALSE,"Data mangler")) -> FALSE
A162: Nettsystem | B162: Vernleverandør | C162: Vern (A) | D162: Ikpmaks (kA) | E162: Ikpmin (kA) | F162: Tversnitt | H162: Nytt tverrsnitt | I162: Ledertype | J162: Kabellengde (m) | K162: =IF(AND($A$20=$A162,$B$20=$B162,$C$20=$C162,$D$20=$D162,$E$20=$E162,$F$20=$F162),TRUE,"") -> #N/A | L162: =IF(K162=TRUE,J162,"") -> #N/A | M162: =IF(AND($A$21=$A162,$B$21=$B162,$C$21=$C162,$D$21=$D162,$E$21=$E162,$J$7<=J162),TRUE,"") | N162: =IF(M162=TRUE,J162,"") | O162: =IF(M162=TRUE,F162,"") | P162: =IF(AND($C$24=50,'Beregning AC vern'!U124="IT-230V"),FALSE,IF(AND($A$24=$A162,$B$24=$B162,$C$24=$C162,$D$24=$D162,$E$24=$E162),TRUE,"")) | Q162: =IF(P162=TRUE,J162,IF(P162=FALSE,FALSE)) -> FALSE | R162: =IF(P162=TRUE,F162,IF(P162=FALSE,"Data mangler")) -> FALSE
A163: IT-230V | B163: Eaton elementautomat | C163: 25 | D163: 9.9 | E163: 0.25 | F163: 6mm2 Cu | H163: 6 | I163: =MID(F163,6,3) -> Cu | J163: 58 | K163: =IF(AND($A$20=$A163,$B$20=$B163,$C$20=$C163,$D$20=$D163,$E$20=$E163,$F$20=$F163),TRUE,"") -> #N/A | L163: =IF(K163=TRUE,J163,"") -> #N/A | M163: =IF(AND($A$21=$A163,$B$21=$B163,$C$21=$C163,$D$21=$D163,$E$21=$E163,$J$7<=J163),TRUE,"") | N163: =IF(M163=TRUE,J163,"") | O163: =IF(M163=TRUE,F163,"") | P163: =IF(AND($C$24=50,'Beregning AC vern'!U125="IT-230V"),FALSE,IF(AND($A$24=$A163,$B$24=$B163,$C$24=$C163,$D$24=$D163,$E$24=$E163),TRUE,"")) | Q163: =IF(P163=TRUE,J163,IF(P163=FALSE,FALSE)) -> FALSE | R163: =IF(P163=TRUE,F163,IF(P163=FALSE,"Data mangler")) -> FALSE | V163: Oversikt IT-anlegg 230V | X163: Kortslutningstrømmer: | Y163: Ikpmaks | AB163: Ikpmin
A164: IT-230V | B164: Eaton elementautomat | C164: 25 | D164: 9.9 | E164: 0.25 | F164: 10mm2 Cu | H164: 10 | I164: =MID(F164,6,3) -> Cu | J164: 98 | K164: =IF(AND($A$20=$A164,$B$20=$B164,$C$20=$C164,$D$20=$D164,$E$20=$E164,$F$20=$F164),TRUE,"") -> #N/A | L164: =IF(K164=TRUE,J164,"") -> #N/A | M164: =IF(AND($A$21=$A164,$B$21=$B164,$C$21=$C164,$D$21=$D164,$E$21=$E164,$J$7<=J164),TRUE,"") | N164: =IF(M164=TRUE,J164,"") | O164: =IF(M164=TRUE,F164,"") | P164: =IF(AND($C$24=50,'Beregning AC vern'!U126="IT-230V"),FALSE,IF(AND($A$24=$A164,$B$24=$B164,$C$24=$C164,$D$24=$D164,$E$24=$E164),TRUE,"")) | Q164: =IF(P164=TRUE,J164,IF(P164=FALSE,FALSE)) -> FALSE | R164: =IF(P164=TRUE,F164,IF(P164=FALSE,"Data mangler")) -> FALSE | V164: vern i H.F for hovedkabler | Y164: 9,9kA | AB164: 0,25-8,5kA
A165: IT-230V | B165: Eaton elementautomat | C165: 25 | D165: 9.9 | E165: 0.25 | F165: 25mm2 Al | H165: 25 | I165: =MID(F165,6,3) -> Al | J165: 145 | K165: =IF(AND($A$20=$A165,$B$20=$B165,$C$20=$C165,$D$20=$D165,$E$20=$E165,$F$20=$F165),TRUE,"") -> #N/A | L165: =IF(K165=TRUE,J165,"") -> #N/A | M165: =IF(AND($A$21=$A165,$B$21=$B165,$C$21=$C165,$D$21=$D165,$E$21=$E165,$J$7<=J165),TRUE,"") | N165: =IF(M165=TRUE,J165,"") | O165: =IF(M165=TRUE,F165,"") | P165: =IF(AND($C$24=50,'Beregning AC vern'!U127="IT-230V"),FALSE,IF(AND($A$24=$A165,$B$24=$B165,$C$24=$C165,$D$24=$D165,$E$24=$E165),TRUE,"")) | Q165: =IF(P165=TRUE,J165,IF(P165=FALSE,FALSE)) -> FALSE | R165: =IF(P165=TRUE,F165,IF(P165=FALSE,"Data mangler")) -> FALSE | V165: Eaton elementautomat
A166: IT-230V | B166: Eaton elementautomat | C166: 25 | D166: 9.9 | E166: 0.25 | F166: 50mm2 Al | H166: 50 | I166: =MID(F166,6,3) -> Al | J166: 260 | K166: =IF(AND($A$20=$A166,$B$20=$B166,$C$20=$C166,$D$20=$D166,$E$20=$E166,$F$20=$F166),TRUE,"") -> #N/A | L166: =IF(K166=TRUE,J166,"") -> #N/A | M166: =IF(AND($A$21=$A166,$B$21=$B166,$C$21=$C166,$D$21=$D166,$E$21=$E166,$J$7<=J166),TRUE,"") | N166: =IF(M166=TRUE,J166,"") | O166: =IF(M166=TRUE,F166,"") | P166: =IF(AND($C$24=50,'Beregning AC vern'!U128="IT-230V"),FALSE,IF(AND($A$24=$A166,$B$24=$B166,$C$24=$C166,$D$24=$D166,$E$24=$E166),TRUE,"")) | Q166: =IF(P166=TRUE,J166,IF(P166=FALSE,FALSE)) -> FALSE | R166: =IF(P166=TRUE,F166,IF(P166=FALSE,"Data mangler")) -> FALSE
A167: IT-230V | B167: Eaton elementautomat | C167: 32 | D167: 9.9 | E167: 0.25 | F167: 10mm2 Cu | H167: 10 | I167: =MID(F167,6,3) -> Cu | J167: 55 | K167: =IF(AND($A$20=$A167,$B$20=$B167,$C$20=$C167,$D$20=$D167,$E$20=$E167,$F$20=$F167),TRUE,"") -> #N/A | L167: =IF(K167=TRUE,J167,"") -> #N/A | M167: =IF(AND($A$21=$A167,$B$21=$B167,$C$21=$C167,$D$21=$D167,$E$21=$E167,$J$7<=J167),TRUE,"") | N167: =IF(M167=TRUE,J167,"") | O167: =IF(M167=TRUE,F167,"") | P167: =IF(AND($C$24=50,'Beregning AC vern'!U129="IT-230V"),FALSE,IF(AND($A$24=$A167,$B$24=$B167,$C$24=$C167,$D$24=$D167,$E$24=$E167),TRUE,"")) | Q167: =IF(P167=TRUE,J167,IF(P167=FALSE,FALSE)) -> FALSE | R167: =IF(P167=TRUE,F167,IF(P167=FALSE,"Data mangler")) -> FALSE
A168: IT-230V | B168: Eaton elementautomat | C168: 32 | D168: 9.9 | E168: 0.25 | F168: 25mm2 Al | H168: 25 | I168: =MID(F168,6,3) -> Al | J168: 82 | K168: =IF(AND($A$20=$A168,$B$20=$B168,$C$20=$C168,$D$20=$D168,$E$20=$E168,$F$20=$F168),TRUE,"") -> #N/A | L168: =IF(K168=TRUE,J168,"") -> #N/A | M168: =IF(AND($A$21=$A168,$B$21=$B168,$C$21=$C168,$D$21=$D168,$E$21=$E168,$J$7<=J168),TRUE,"") | N168: =IF(M168=TRUE,J168,"") | O168: =IF(M168=TRUE,F168,"") | P168: =IF(AND($C$24=50,'Beregning AC vern'!U130="IT-230V"),FALSE,IF(AND($A$24=$A168,$B$24=$B168,$C$24=$C168,$D$24=$D168,$E$24=$E168),TRUE,"")) | Q168: =IF(P168=TRUE,J168,IF(P168=FALSE,FALSE)) -> FALSE | R168: =IF(P168=TRUE,F168,IF(P168=FALSE,"Data mangler")) -> FALSE
A169: IT-230V | B169: Eaton elementautomat | C169: 32 | D169: 9.9 | E169: 0.25 | F169: 50mm2 Al | H169: 50 | I169: =MID(F169,6,3) -> Al | J169: 150 | K169: =IF(AND($A$20=$A169,$B$20=$B169,$C$20=$C169,$D$20=$D169,$E$20=$E169,$F$20=$F169),TRUE,"") -> #N/A | L169: =IF(K169=TRUE,J169,"") -> #N/A | M169: =IF(AND($A$21=$A169,$B$21=$B169,$C$21=$C169,$D$21=$D169,$E$21=$E169,$J$7<=J169),TRUE,"") | N169: =IF(M169=TRUE,J169,"") | O169: =IF(M169=TRUE,F169,"") | P169: =IF(AND($C$24=50,'Beregning AC vern'!U131="IT-230V"),FALSE,IF(AND($A$24=$A169,$B$24=$B169,$C$24=$C169,$D$24=$D169,$E$24=$E169),TRUE,"")) | Q169: =IF(P169=TRUE,J169,IF(P169=FALSE,FALSE)) -> FALSE | R169: =IF(P169=TRUE,F169,IF(P169=FALSE,"Data mangler")) -> FALSE
A170: IT-230V | B170: Eaton elementautomat | C170: 40 | D170: 9.9 | E170: 0.25 | F170: 16mm2 Cu | H170: 16 | I170: =MID(F170,6,3) -> Cu | J170: 37 | K170: =IF(AND($A$20=$A170,$B$20=$B170,$C$20=$C170,$D$20=$D170,$E$20=$E170,$F$20=$F170),TRUE,"") -> #N/A | L170: =IF(K170=TRUE,J170,"") -> #N/A | M170: =IF(AND($A$21=$A170,$B$21=$B170,$C$21=$C170,$D$21=$D170,$E$21=$E170,$J$7<=J170),TRUE,"") | N170: =IF(M170=TRUE,J170,"") | O170: =IF(M170=TRUE,F170,"") | P170: =IF(AND($C$24=50,'Beregning AC vern'!U132="IT-230V"),FALSE,IF(AND($A$24=$A170,$B$24=$B170,$C$24=$C170,$D$24=$D170,$E$24=$E170),TRUE,"")) | Q170: =IF(P170=TRUE,J170,IF(P170=FALSE,FALSE)) -> FALSE | R170: =IF(P170=TRUE,F170,IF(P170=FALSE,"Data mangler")) -> FALSE
A171: IT-230V | B171: Eaton elementautomat | C171: 40 | D171: 9.9 | E171: 0.25 | F171: 25mm2 Al | H171: 25 | I171: =MID(F171,6,3) -> Al | J171: 37 | K171: =IF(AND($A$20=$A171,$B$20=$B171,$C$20=$C171,$D$20=$D171,$E$20=$E171,$F$20=$F171),TRUE,"") -> #N/A | L171: =IF(K171=TRUE,J171,"") -> #N/A | M171: =IF(AND($A$21=$A171,$B$21=$B171,$C$21=$C171,$D$21=$D171,$E$21=$E171,$J$7<=J171),TRUE,"") | N171: =IF(M171=TRUE,J171,"") | O171: =IF(M171=TRUE,F171,"") | P171: =IF(AND($C$24=50,'Beregning AC vern'!U133="IT-230V"),FALSE,IF(AND($A$24=$A171,$B$24=$B171,$C$24=$C171,$D$24=$D171,$E$24=$E171),TRUE,"")) | Q171: =IF(P171=TRUE,J171,IF(P171=FALSE,FALSE)) -> FALSE | R171: =IF(P171=TRUE,F171,IF(P171=FALSE,"Data mangler")) -> FALSE
A172: IT-230V | B172: Eaton elementautomat | C172: 40 | D172: 9.9 | E172: 0.25 | F172: 50mm2 Al | H172: 50 | I172: =MID(F172,6,3) -> Al | J172: 68 | K172: =IF(AND($A$20=$A172,$B$20=$B172,$C$20=$C172,$D$20=$D172,$E$20=$E172,$F$20=$F172),TRUE,"") -> #N/A | L172: =IF(K172=TRUE,J172,"") -> #N/A | M172: =IF(AND($A$21=$A172,$B$21=$B172,$C$21=$C172,$D$21=$D172,$E$21=$E172,$J$7<=J172),TRUE,"") | N172: =IF(M172=TRUE,J172,"") | O172: =IF(M172=TRUE,F172,"") | P172: =IF(AND($C$24=50,'Beregning AC vern'!U134="IT-230V"),FALSE,IF(AND($A$24=$A172,$B$24=$B172,$C$24=$C172,$D$24=$D172,$E$24=$E172),TRUE,"")) | Q172: =IF(P172=TRUE,J172,IF(P172=FALSE,FALSE)) -> FALSE | R172: =IF(P172=TRUE,F172,IF(P172=FALSE,"Data mangler")) -> FALSE
A173: IT-230V | B173: Eaton elementautomat | C173: 25 | D173: 9.9 | E173: 0.5 | F173: 6mm2 Cu | H173: 6 | I173: =MID(F173,6,3) -> Cu | J173: 62 | K173: =IF(AND($A$20=$A173,$B$20=$B173,$C$20=$C173,$D$20=$D173,$E$20=$E173,$F$20=$F173),TRUE,"") -> #N/A | L173: =IF(K173=TRUE,J173,"") -> #N/A | M173: =IF(AND($A$21=$A173,$B$21=$B173,$C$21=$C173,$D$21=$D173,$E$21=$E173,$J$7<=J173),TRUE,"") | N173: =IF(M173=TRUE,J173,"") | O173: =IF(M173=TRUE,F173,"") | P173: =IF(AND($C$24=50,'Beregning AC vern'!U135="IT-230V"),FALSE,IF(AND($A$24=$A173,$B$24=$B173,$C$24=$C173,$D$24=$D173,$E$24=$E173),TRUE,"")) | Q173: =IF(P173=TRUE,J173,IF(P173=FALSE,FALSE)) -> FALSE | R173: =IF(P173=TRUE,F173,IF(P173=FALSE,"Data mangler")) -> FALSE
A174: IT-230V | B174: Eaton elementautomat | C174: 25 | D174: 9.9 | E174: 0.5 | F174: 10mm2 Cu | H174: 10 | I174: =MID(F174,6,3) -> Cu | J174: 104 | K174: =IF(AND($A$20=$A174,$B$20=$B174,$C$20=$C174,$D$20=$D174,$E$20=$E174,$F$20=$F174),TRUE,"") -> #N/A | L174: =IF(K174=TRUE,J174,"") -> #N/A | M174: =IF(AND($A$21=$A174,$B$21=$B174,$C$21=$C174,$D$21=$D174,$E$21=$E174,$J$7<=J174),TRUE,"") | N174: =IF(M174=TRUE,J174,"") | O174: =IF(M174=TRUE,F174,"") | P174: =IF(AND($C$24=50,'Beregning AC vern'!U136="IT-230V"),FALSE,IF(AND($A$24=$A174,$B$24=$B174,$C$24=$C174,$D$24=$D174,$E$24=$E174),TRUE,"")) | Q174: =IF(P174=TRUE,J174,IF(P174=FALSE,FALSE)) -> FALSE | R174: =IF(P174=TRUE,F174,IF(P174=FALSE,"Data mangler")) -> FALSE
A175: IT-230V | B175: Eaton elementautomat | C175: 25 | D175: 9.9 | E175: 0.5 | F175: 25mm2 Al | H175: 25 | I175: =MID(F175,6,3) -> Al | J175: 155 | K175: =IF(AND($A$20=$A175,$B$20=$B175,$C$20=$C175,$D$20=$D175,$E$20=$E175,$F$20=$F175),TRUE,"") -> #N/A | L175: =IF(K175=TRUE,J175,"") -> #N/A | M175: =IF(AND($A$21=$A175,$B$21=$B175,$C$21=$C175,$D$21=$D175,$E$21=$E175,$J$7<=J175),TRUE,"") | N175: =IF(M175=TRUE,J175,"") | O175: =IF(M175=TRUE,F175,"") | P175: =IF(AND($C$24=50,'Beregning AC vern'!U137="IT-230V"),FALSE,IF(AND($A$24=$A175,$B$24=$B175,$C$24=$C175,$D$24=$D175,$E$24=$E175),TRUE,"")) | Q175: =IF(P175=TRUE,J175,IF(P175=FALSE,FALSE)) -> FALSE | R175: =IF(P175=TRUE,F175,IF(P175=FALSE,"Data mangler")) -> FALSE
A176: IT-230V | B176: Eaton elementautomat | C176: 25 | D176: 9.9 | E176: 0.5 | F176: 50mm2 Al | H176: 50 | I176: =MID(F176,6,3) -> Al | J176: 280 | K176: =IF(AND($A$20=$A176,$B$20=$B176,$C$20=$C176,$D$20=$D176,$E$20=$E176,$F$20=$F176),TRUE,"") -> #N/A | L176: =IF(K176=TRUE,J176,"") -> #N/A | M176: =IF(AND($A$21=$A176,$B$21=$B176,$C$21=$C176,$D$21=$D176,$E$21=$E176,$J$7<=J176),TRUE,"") | N176: =IF(M176=TRUE,J176,"") | O176: =IF(M176=TRUE,F176,"") | P176: =IF(AND($C$24=50,'Beregning AC vern'!U138="IT-230V"),FALSE,IF(AND($A$24=$A176,$B$24=$B176,$C$24=$C176,$D$24=$D176,$E$24=$E176),TRUE,"")) | Q176: =IF(P176=TRUE,J176,IF(P176=FALSE,FALSE)) -> FALSE | R176: =IF(P176=TRUE,F176,IF(P176=FALSE,"Data mangler")) -> FALSE
A177: IT-230V | B177: Eaton elementautomat | C177: 32 | D177: 9.9 | E177: 0.5 | F177: 10mm2 Cu | H177: 10 | I177: =MID(F177,6,3) -> Cu | J177: 82 | K177: =IF(AND($A$20=$A177,$B$20=$B177,$C$20=$C177,$D$20=$D177,$E$20=$E177,$F$20=$F177),TRUE,"") -> #N/A | L177: =IF(K177=TRUE,J177,"") -> #N/A | M177: =IF(AND($A$21=$A177,$B$21=$B177,$C$21=$C177,$D$21=$D177,$E$21=$E177,$J$7<=J177),TRUE,"") | N177: =IF(M177=TRUE,J177,"") | O177: =IF(M177=TRUE,F177,"") | P177: =IF(AND($C$24=50,'Beregning AC vern'!U139="IT-230V"),FALSE,IF(AND($A$24=$A177,$B$24=$B177,$C$24=$C177,$D$24=$D177,$E$24=$E177),TRUE,"")) | Q177: =IF(P177=TRUE,J177,IF(P177=FALSE,FALSE)) -> FALSE | R177: =IF(P177=TRUE,F177,IF(P177=FALSE,"Data mangler")) -> FALSE
... A230: IT-230V | B230: Eaton elementautomat | C230: 80 | D230: 9.9 | E230: 8.5 | F230: 50mm2 Al | H230: 50 | I230: =MID(F230,6,3) -> Al | J230: 170 | K230: =IF(AND($A$20=$A230,$B$20=$B230,$C$20=$C230,$D$20=$D230,$E$20=$E230,$F$20=$F230),TRUE,"") -> #N/A | L230: =IF(K230=TRUE,J230,"") -> #N/A | M230: =IF(AND($A$21=$A230,$B$21=$B230,$C$21=$C230,$D$21=$D230,$E$21=$E230,$J$7<=J230),TRUE,"") | N230: =IF(M230=TRUE,J230,"") | O230: =IF(M230=TRUE,F230,"") | P230: =IF(AND($C$24=50,'Beregning AC vern'!U192="IT-230V"),FALSE,IF(AND($A$24=$A230,$B$24=$B230,$C$24=$C230,$D$24=$D230,$E$24=$E230),TRUE,"")) | Q230: =IF(P230=TRUE,J230,IF(P230=FALSE,FALSE)) -> FALSE | R230: =IF(P230=TRUE,F230,IF(P230=FALSE,"Data mangler")) -> FALSE
A231: Nettsystem | B231: Vernleverandør | C231: Vern (A) | D231: Ikpmaks (kA) | E231: Ikpmin (kA) | F231: Tversnitt | H231: Nytt tverrsnitt | I231: Ledertype | J231: Kabellengde (m) | K231: =IF(AND($A$20=$A231,$B$20=$B231,$C$20=$C231,$D$20=$D231,$E$20=$E231,$F$20=$F231),TRUE,"") -> #N/A | L231: =IF(K231=TRUE,J231,"") -> #N/A | M231: =IF(AND($A$21=$A231,$B$21=$B231,$C$21=$C231,$D$21=$D231,$E$21=$E231,$J$7<=J231),TRUE,"") | N231: =IF(M231=TRUE,J231,"") | O231: =IF(M231=TRUE,F231,"") | P231: =IF(AND($C$24=50,'Beregning AC vern'!U193="IT-230V"),FALSE,IF(AND($A$24=$A231,$B$24=$B231,$C$24=$C231,$D$24=$D231,$E$24=$E231),TRUE,"")) | Q231: =IF(P231=TRUE,J231,IF(P231=FALSE,FALSE)) -> FALSE | R231: =IF(P231=TRUE,F231,IF(P231=FALSE,"Data mangler")) -> FALSE
A232: TN-400V | B232: Eaton elementautomat | C232: 25 | D232: 9.9 | E232: 0.25 | F232: 6mm2 Cu | H232: 6 | I232: =MID(F232,6,3) -> Cu | J232: 108 | K232: =IF(AND($A$20=$A232,$B$20=$B232,$C$20=$C232,$D$20=$D232,$E$20=$E232,$F$20=$F232),TRUE,"") -> #N/A | L232: =IF(K232=TRUE,J232,"") -> #N/A | M232: =IF(AND($A$21=$A232,$B$21=$B232,$C$21=$C232,$D$21=$D232,$E$21=$E232,$J$7<=J232),TRUE,"") | N232: =IF(M232=TRUE,J232,"") | O232: =IF(M232=TRUE,F232,"") | P232: =IF(AND($C$24=50,'Beregning AC vern'!U194="IT-230V"),FALSE,IF(AND($A$24=$A232,$B$24=$B232,$C$24=$C232,$D$24=$D232,$E$24=$E232),TRUE,"")) | Q232: =IF(P232=TRUE,J232,IF(P232=FALSE,FALSE)) -> FALSE | R232: =IF(P232=TRUE,F232,IF(P232=FALSE,"Data mangler")) -> FALSE | V232: Oversikt TN-anlegg 400V | X232: Kortslutningstrømmer: | Y232: Ikpmaks | AB232: Ikpmin
A233: TN-400V | B233: Eaton elementautomat | C233: 25 | D233: 9.9 | E233: 0.25 | F233: 10mm2 Cu | H233: 10 | I233: =MID(F233,6,3) -> Cu | J233: 170 | K233: =IF(AND($A$20=$A233,$B$20=$B233,$C$20=$C233,$D$20=$D233,$E$20=$E233,$F$20=$F233),TRUE,"") -> #N/A | L233: =IF(K233=TRUE,J233,"") -> #N/A | M233: =IF(AND($A$21=$A233,$B$21=$B233,$C$21=$C233,$D$21=$D233,$E$21=$E233,$J$7<=J233),TRUE,"") | N233: =IF(M233=TRUE,J233,"") | O233: =IF(M233=TRUE,F233,"") | P233: =IF(AND($C$24=50,'Beregning AC vern'!U195="IT-230V"),FALSE,IF(AND($A$24=$A233,$B$24=$B233,$C$24=$C233,$D$24=$D233,$E$24=$E233),TRUE,"")) | Q233: =IF(P233=TRUE,J233,IF(P233=FALSE,FALSE)) -> FALSE | R233: =IF(P233=TRUE,F233,IF(P233=FALSE,"Data mangler")) -> FALSE | V233: Vern for stigere til Ice U.F | Y233: 9,9kA | AB233: 0,25-8,5kA
A234: TN-400V | B234: Eaton elementautomat | C234: 25 | D234: 9.9 | E234: 0.25 | F234: 25mm2 Al | H234: 25 | I234: =MID(F234,6,3) -> Al | J234: 270 | K234: =IF(AND($A$20=$A234,$B$20=$B234,$C$20=$C234,$D$20=$D234,$E$20=$E234,$F$20=$F234),TRUE,"") -> #N/A | L234: =IF(K234=TRUE,J234,"") -> #N/A | M234: =IF(AND($A$21=$A234,$B$21=$B234,$C$21=$C234,$D$21=$D234,$E$21=$E234,$J$7<=J234),TRUE,"") | N234: =IF(M234=TRUE,J234,"") | O234: =IF(M234=TRUE,F234,"") | P234: =IF(AND($C$24=50,'Beregning AC vern'!U196="IT-230V"),FALSE,IF(AND($A$24=$A234,$B$24=$B234,$C$24=$C234,$D$24=$D234,$E$24=$E234),TRUE,"")) | Q234: =IF(P234=TRUE,J234,IF(P234=FALSE,FALSE)) -> FALSE | R234: =IF(P234=TRUE,F234,IF(P234=FALSE,"Data mangler")) -> FALSE | V234: Eaton elementautomat
A235: TN-400V | B235: Eaton elementautomat | C235: 25 | D235: 9.9 | E235: 0.25 | F235: 50mm2 Al | H235: 50 | I235: =MID(F235,6,3) -> Al | J235: 475 | K235: =IF(AND($A$20=$A235,$B$20=$B235,$C$20=$C235,$D$20=$D235,$E$20=$E235,$F$20=$F235),TRUE,"") -> #N/A | L235: =IF(K235=TRUE,J235,"") -> #N/A | M235: =IF(AND($A$21=$A235,$B$21=$B235,$C$21=$C235,$D$21=$D235,$E$21=$E235,$J$7<=J235),TRUE,"") | N235: =IF(M235=TRUE,J235,"") | O235: =IF(M235=TRUE,F235,"") | P235: =IF(AND($C$24=50,'Beregning AC vern'!U197="IT-230V"),FALSE,IF(AND($A$24=$A235,$B$24=$B235,$C$24=$C235,$D$24=$D235,$E$24=$E235),TRUE,"")) | Q235: =IF(P235=TRUE,J235,IF(P235=FALSE,FALSE)) -> FALSE | R235: =IF(P235=TRUE,F235,IF(P235=FALSE,"Data mangler")) -> FALSE
A236: TN-400V | B236: Eaton elementautomat | C236: 32 | D236: 9.9 | E236: 0.25 | F236: 10mm2 Cu | H236: 10 | I236: =MID(F236,6,3) -> Cu | J236: 142 | K236: =IF(AND($A$20=$A236,$B$20=$B236,$C$20=$C236,$D$20=$D236,$E$20=$E236,$F$20=$F236),TRUE,"") -> #N/A | L236: =IF(K236=TRUE,J236,"") -> #N/A | M236: =IF(AND($A$21=$A236,$B$21=$B236,$C$21=$C236,$D$21=$D236,$E$21=$E236,$J$7<=J236),TRUE,"") | N236: =IF(M236=TRUE,J236,"") | O236: =IF(M236=TRUE,F236,"") | P236: =IF(AND($C$24=50,'Beregning AC vern'!U198="IT-230V"),FALSE,IF(AND($A$24=$A236,$B$24=$B236,$C$24=$C236,$D$24=$D236,$E$24=$E236),TRUE,"")) | Q236: =IF(P236=TRUE,J236,IF(P236=FALSE,FALSE)) -> FALSE | R236: =IF(P236=TRUE,F236,IF(P236=FALSE,"Data mangler")) -> FALSE
A237: TN-400V | B237: Eaton elementautomat | C237: 32 | D237: 9.9 | E237: 0.25 | F237: 25mm2 Al | H237: 25 | I237: =MID(F237,6,3) -> Al | J237: 210 | K237: =IF(AND($A$20=$A237,$B$20=$B237,$C$20=$C237,$D$20=$D237,$E$20=$E237,$F$20=$F237),TRUE,"") -> #N/A | L237: =IF(K237=TRUE,J237,"") -> #N/A | M237: =IF(AND($A$21=$A237,$B$21=$B237,$C$21=$C237,$D$21=$D237,$E$21=$E237,$J$7<=J237),TRUE,"") | N237: =IF(M237=TRUE,J237,"") | O237: =IF(M237=TRUE,F237,"") | P237: =IF(AND($C$24=50,'Beregning AC vern'!U199="IT-230V"),FALSE,IF(AND($A$24=$A237,$B$24=$B237,$C$24=$C237,$D$24=$D237,$E$24=$E237),TRUE,"")) | Q237: =IF(P237=TRUE,J237,IF(P237=FALSE,FALSE)) -> FALSE | R237: =IF(P237=TRUE,F237,IF(P237=FALSE,"Data mangler")) -> FALSE
A238: TN-400V | B238: Eaton elementautomat | C238: 32 | D238: 9.9 | E238: 0.25 | F238: 50mm2 Al | H238: 50 | I238: =MID(F238,6,3) -> Al | J238: 380 | K238: =IF(AND($A$20=$A238,$B$20=$B238,$C$20=$C238,$D$20=$D238,$E$20=$E238,$F$20=$F238),TRUE,"") -> #N/A | L238: =IF(K238=TRUE,J238,"") -> #N/A | M238: =IF(AND($A$21=$A238,$B$21=$B238,$C$21=$C238,$D$21=$D238,$E$21=$E238,$J$7<=J238),TRUE,"") | N238: =IF(M238=TRUE,J238,"") | O238: =IF(M238=TRUE,F238,"") | P238: =IF(AND($C$24=50,'Beregning AC vern'!U200="IT-230V"),FALSE,IF(AND($A$24=$A238,$B$24=$B238,$C$24=$C238,$D$24=$D238,$E$24=$E238),TRUE,"")) | Q238: =IF(P238=TRUE,J238,IF(P238=FALSE,FALSE)) -> FALSE | R238: =IF(P238=TRUE,F238,IF(P238=FALSE,"Data mangler")) -> FALSE
A239: TN-400V | B239: Eaton elementautomat | C239: 40 | D239: 9.9 | E239: 0.25 | F239: 16mm2 Cu | H239: 16 | I239: =MID(F239,6,3) -> Cu | J239: 135 | K239: =IF(AND($A$20=$A239,$B$20=$B239,$C$20=$C239,$D$20=$D239,$E$20=$E239,$F$20=$F239),TRUE,"") -> #N/A | L239: =IF(K239=TRUE,J239,"") -> #N/A | M239: =IF(AND($A$21=$A239,$B$21=$B239,$C$21=$C239,$D$21=$D239,$E$21=$E239,$J$7<=J239),TRUE,"") | N239: =IF(M239=TRUE,J239,"") | O239: =IF(M239=TRUE,F239,"") | P239: =IF(AND($C$24=50,'Beregning AC vern'!U201="IT-230V"),FALSE,IF(AND($A$24=$A239,$B$24=$B239,$C$24=$C239,$D$24=$D239,$E$24=$E239),TRUE,"")) | Q239: =IF(P239=TRUE,J239,IF(P239=FALSE,FALSE)) -> FALSE | R239: =IF(P239=TRUE,F239,IF(P239=FALSE,"Data mangler")) -> FALSE
A240: TN-400V | B240: Eaton elementautomat | C240: 40 | D240: 9.9 | E240: 0.25 | F240: 25mm2 Al | H240: 25 | I240: =MID(F240,6,3) -> Al | J240: 125 | K240: =IF(AND($A$20=$A240,$B$20=$B240,$C$20=$C240,$D$20=$D240,$E$20=$E240,$F$20=$F240),TRUE,"") -> #N/A | L240: =IF(K240=TRUE,J240,"") -> #N/A | M240: =IF(AND($A$21=$A240,$B$21=$B240,$C$21=$C240,$D$21=$D240,$E$21=$E240,$J$7<=J240),TRUE,"") | N240: =IF(M240=TRUE,J240,"") | O240: =IF(M240=TRUE,F240,"") | P240: =IF(AND($C$24=50,'Beregning AC vern'!U202="IT-230V"),FALSE,IF(AND($A$24=$A240,$B$24=$B240,$C$24=$C240,$D$24=$D240,$E$24=$E240),TRUE,"")) | Q240: =IF(P240=TRUE,J240,IF(P240=FALSE,FALSE)) -> FALSE | R240: =IF(P240=TRUE,F240,IF(P240=FALSE,"Data mangler")) -> FALSE
A241: TN-400V | B241: Eaton elementautomat | C241: 40 | D241: 9.9 | E241: 0.25 | F241: 50mm2 Al | H241: 50 | I241: =MID(F241,6,3) -> Al | J241: 240 | K241: =IF(AND($A$20=$A241,$B$20=$B241,$C$20=$C241,$D$20=$D241,$E$20=$E241,$F$20=$F241),TRUE,"") -> #N/A | L241: =IF(K241=TRUE,J241,"") -> #N/A | M241: =IF(AND($A$21=$A241,$B$21=$B241,$C$21=$C241,$D$21=$D241,$E$21=$E241,$J$7<=J241),TRUE,"") | N241: =IF(M241=TRUE,J241,"") | O241: =IF(M241=TRUE,F241,"") | P241: =IF(AND($C$24=50,'Beregning AC vern'!U203="IT-230V"),FALSE,IF(AND($A$24=$A241,$B$24=$B241,$C$24=$C241,$D$24=$D241,$E$24=$E241),TRUE,"")) | Q241: =IF(P241=TRUE,J241,IF(P241=FALSE,FALSE)) -> FALSE | R241: =IF(P241=TRUE,F241,IF(P241=FALSE,"Data mangler")) -> FALSE
A242: TN-400V | B242: Eaton elementautomat | C242: 25 | D242: 9.9 | E242: 0.5 | F242: 6mm2 Cu | H242: 6 | I242: =MID(F242,6,3) -> Cu | J242: 108 | K242: =IF(AND($A$20=$A242,$B$20=$B242,$C$20=$C242,$D$20=$D242,$E$20=$E242,$F$20=$F242),TRUE,"") -> #N/A | L242: =IF(K242=TRUE,J242,"") -> #N/A | M242: =IF(AND($A$21=$A242,$B$21=$B242,$C$21=$C242,$D$21=$D242,$E$21=$E242,$J$7<=J242),TRUE,"") | N242: =IF(M242=TRUE,J242,"") | O242: =IF(M242=TRUE,F242,"") | P242: =IF(AND($C$24=50,'Beregning AC vern'!U204="IT-230V"),FALSE,IF(AND($A$24=$A242,$B$24=$B242,$C$24=$C242,$D$24=$D242,$E$24=$E242),TRUE,"")) | Q242: =IF(P242=TRUE,J242,IF(P242=FALSE,FALSE)) -> FALSE | R242: =IF(P242=TRUE,F242,IF(P242=FALSE,"Data mangler")) -> FALSE
A243: TN-400V | B243: Eaton elementautomat | C243: 25 | D243: 9.9 | E243: 0.5 | F243: 10mm2 Cu | H243: 10 | I243: =MID(F243,6,3) -> Cu | J243: 180 | K243: =IF(AND($A$20=$A243,$B$20=$B243,$C$20=$C243,$D$20=$D243,$E$20=$E243,$F$20=$F243),TRUE,"") -> #N/A | L243: =IF(K243=TRUE,J243,"") -> #N/A | M243: =IF(AND($A$21=$A243,$B$21=$B243,$C$21=$C243,$D$21=$D243,$E$21=$E243,$J$7<=J243),TRUE,"") | N243: =IF(M243=TRUE,J243,"") | O243: =IF(M243=TRUE,F243,"") | P243: =IF(AND($C$24=50,'Beregning AC vern'!U205="IT-230V"),FALSE,IF(AND($A$24=$A243,$B$24=$B243,$C$24=$C243,$D$24=$D243,$E$24=$E243),TRUE,"")) | Q243: =IF(P243=TRUE,J243,IF(P243=FALSE,FALSE)) -> FALSE | R243: =IF(P243=TRUE,F243,IF(P243=FALSE,"Data mangler")) -> FALSE
A244: TN-400V | B244: Eaton elementautomat | C244: 25 | D244: 9.9 | E244: 0.5 | F244: 25mm2 Al | H244: 25 | I244: =MID(F244,6,3) -> Al | J244: 270 | K244: =IF(AND($A$20=$A244,$B$20=$B244,$C$20=$C244,$D$20=$D244,$E$20=$E244,$F$20=$F244),TRUE,"") -> #N/A | L244: =IF(K244=TRUE,J244,"") -> #N/A | M244: =IF(AND($A$21=$A244,$B$21=$B244,$C$21=$C244,$D$21=$D244,$E$21=$E244,$J$7<=J244),TRUE,"") | N244: =IF(M244=TRUE,J244,"") | O244: =IF(M244=TRUE,F244,"") | P244: =IF(AND($C$24=50,'Beregning AC vern'!U206="IT-230V"),FALSE,IF(AND($A$24=$A244,$B$24=$B244,$C$24=$C244,$D$24=$D244,$E$24=$E244),TRUE,"")) | Q244: =IF(P244=TRUE,J244,IF(P244=FALSE,FALSE)) -> FALSE | R244: =IF(P244=TRUE,F244,IF(P244=FALSE,"Data mangler")) -> FALSE
A245: TN-400V | B245: Eaton elementautomat | C245: 25 | D245: 9.9 | E245: 0.5 | F245: 50mm2 Al | H245: 50 | I245: =MID(F245,6,3) -> Al | J245: 490 | K245: =IF(AND($A$20=$A245,$B$20=$B245,$C$20=$C245,$D$20=$D245,$E$20=$E245,$F$20=$F245),TRUE,"") -> #N/A | L245: =IF(K245=TRUE,J245,"") -> #N/A | M245: =IF(AND($A$21=$A245,$B$21=$B245,$C$21=$C245,$D$21=$D245,$E$21=$E245,$J$7<=J245),TRUE,"") | N245: =IF(M245=TRUE,J245,"") | O245: =IF(M245=TRUE,F245,"") | P245: =IF(AND($C$24=50,'Beregning AC vern'!U207="IT-230V"),FALSE,IF(AND($A$24=$A245,$B$24=$B245,$C$24=$C245,$D$24=$D245,$E$24=$E245),TRUE,"")) | Q245: =IF(P245=TRUE,J245,IF(P245=FALSE,FALSE)) -> FALSE | R245: =IF(P245=TRUE,F245,IF(P245=FALSE,"Data mangler")) -> FALSE
A246: TN-400V | B246: Eaton elementautomat | C246: 32 | D246: 9.9 | E246: 0.5 | F246: 10mm2 Cu | H246: 10 | I246: =MID(F246,6,3) -> Cu | J246: 142 | K246: =IF(AND($A$20=$A246,$B$20=$B246,$C$20=$C246,$D$20=$D246,$E$20=$E246,$F$20=$F246),TRUE,"") -> #N/A | L246: =IF(K246=TRUE,J246,"") -> #N/A | M246: =IF(AND($A$21=$A246,$B$21=$B246,$C$21=$C246,$D$21=$D246,$E$21=$E246,$J$7<=J246),TRUE,"") | N246: =IF(M246=TRUE,J246,"") | O246: =IF(M246=TRUE,F246,"") | P246: =IF(AND($C$24=50,'Beregning AC vern'!U208="IT-230V"),FALSE,IF(AND($A$24=$A246,$B$24=$B246,$C$24=$C246,$D$24=$D246,$E$24=$E246),TRUE,"")) | Q246: =IF(P246=TRUE,J246,IF(P246=FALSE,FALSE)) -> FALSE | R246: =IF(P246=TRUE,F246,IF(P246=FALSE,"Data mangler")) -> FALSE
... A306: TN-400V | B306: Eaton elementautomat | C306: 63 | D306: 9.9 | E306: 8.5 | F306: 50mm2 Al | H306: 50 | I306: =MID(F306,6,3) -> Al | J306: 119 | K306: =IF(AND($A$20=$A306,$B$20=$B306,$C$20=$C306,$D$20=$D306,$E$20=$E306,$F$20=$F306),TRUE,"") -> #N/A | L306: =IF(K306=TRUE,J306,"") -> #N/A | M306: =IF(AND($A$21=$A306,$B$21=$B306,$C$21=$C306,$D$21=$D306,$E$21=$E306,$J$7<=J306),TRUE,"") | N306: =IF(M306=TRUE,J306,"") | O306: =IF(M306=TRUE,F306,"") | P306: =IF(AND($C$24=50,'Beregning AC vern'!U268="IT-230V"),FALSE,IF(AND($A$24=$A306,$B$24=$B306,$C$24=$C306,$D$24=$D306,$E$24=$E306),TRUE,"")) | Q306: =IF(P306=TRUE,J306,IF(P306=FALSE,FALSE)) -> FALSE | R306: =IF(P306=TRUE,F306,IF(P306=FALSE,"Data mangler")) -> FALSE
A307: Nettsystem | B307: Vernleverandør | C307: Vern (A) | D307: Ikpmaks (kA) | E307: Ikpmin (kA) | F307: Tversnitt | H307: Nytt tverrsnitt | I307: Ledertype | J307: Kabellengde (m) | K307: =IF(AND($A$20=$A307,$B$20=$B307,$C$20=$C307,$D$20=$D307,$E$20=$E307,$F$20=$F307),TRUE,"") -> #N/A | L307: =IF(K307=TRUE,J307,"") -> #N/A | M307: =IF(AND($A$21=$A307,$B$21=$B307,$C$21=$C307,$D$21=$D307,$E$21=$E307,$J$7<=J307),TRUE,"") | N307: =IF(M307=TRUE,J307,"") | O307: =IF(M307=TRUE,F307,"") | P307: =IF(AND($C$24=50,'Beregning AC vern'!U269="IT-230V"),FALSE,IF(AND($A$24=$A307,$B$24=$B307,$C$24=$C307,$D$24=$D307,$E$24=$E307),TRUE,"")) | Q307: =IF(P307=TRUE,J307,IF(P307=FALSE,FALSE)) -> FALSE | R307: =IF(P307=TRUE,F307,IF(P307=FALSE,"Data mangler")) -> FALSE
A308: IT-230V | B308: Schneider effektbryter | C308: 25 | D308: 19.9 | E308: 10 | F308: 6mm2 Cu | H308: 6 | I308: =MID(F308,6,3) -> Cu | J308: 63 | K308: =IF(AND($A$20=$A308,$B$20=$B308,$C$20=$C308,$D$20=$D308,$E$20=$E308,$F$20=$F308),TRUE,"") -> #N/A | L308: =IF(K308=TRUE,J308,"") -> #N/A | M308: =IF(AND($A$21=$A308,$B$21=$B308,$C$21=$C308,$D$21=$D308,$E$21=$E308,$J$7<=J308),TRUE,"") | N308: =IF(M308=TRUE,J308,"") | O308: =IF(M308=TRUE,F308,"") | P308: =IF(AND($C$24=50,'Beregning AC vern'!U270="IT-230V"),FALSE,IF(AND($A$24=$A308,$B$24=$B308,$C$24=$C308,$D$24=$D308,$E$24=$E308),TRUE,"")) | Q308: =IF(P308=TRUE,J308,IF(P308=FALSE,FALSE)) -> FALSE | R308: =IF(P308=TRUE,F308,IF(P308=FALSE,"Data mangler")) -> FALSE | V308: Oversikt IT-anlegg 230V | AB308: Kortslutningstrømmer: | AE308: Ikpmaks | AF308: Ikpmin
A309: IT-230V | B309: Schneider effektbryter | C309: 25 | D309: 19.9 | E309: 10 | F309: 10mm2 Cu | H309: 10 | I309: =MID(F309,6,3) -> Cu | J309: 105 | K309: =IF(AND($A$20=$A309,$B$20=$B309,$C$20=$C309,$D$20=$D309,$E$20=$E309,$F$20=$F309),TRUE,"") -> #N/A | L309: =IF(K309=TRUE,J309,"") -> #N/A | M309: =IF(AND($A$21=$A309,$B$21=$B309,$C$21=$C309,$D$21=$D309,$E$21=$E309,$J$7<=J309),TRUE,"") | N309: =IF(M309=TRUE,J309,"") | O309: =IF(M309=TRUE,F309,"") | P309: =IF(AND($C$24=50,'Beregning AC vern'!U271="IT-230V"),FALSE,IF(AND($A$24=$A309,$B$24=$B309,$C$24=$C309,$D$24=$D309,$E$24=$E309),TRUE,"")) | Q309: =IF(P309=TRUE,J309,IF(P309=FALSE,FALSE)) -> FALSE | R309: =IF(P309=TRUE,F309,IF(P309=FALSE,"Data mangler")) -> FALSE | V309: Vern for stigere til Ice U.F | AE309: 19,9kA | AF309: 15kA
A310: IT-230V | B310: Schneider effektbryter | C310: 25 | D310: 19.9 | E310: 10 | F310: 25mm2 Al | H310: 25 | I310: =MID(F310,6,3) -> Al | J310: 158 | K310: =IF(AND($A$20=$A310,$B$20=$B310,$C$20=$C310,$D$20=$D310,$E$20=$E310,$F$20=$F310),TRUE,"") -> #N/A | L310: =IF(K310=TRUE,J310,"") -> #N/A | M310: =IF(AND($A$21=$A310,$B$21=$B310,$C$21=$C310,$D$21=$D310,$E$21=$E310,$J$7<=J310),TRUE,"") | N310: =IF(M310=TRUE,J310,"") | O310: =IF(M310=TRUE,F310,"") | P310: =IF(AND($C$24=50,'Beregning AC vern'!U272="IT-230V"),FALSE,IF(AND($A$24=$A310,$B$24=$B310,$C$24=$C310,$D$24=$D310,$E$24=$E310),TRUE,"")) | Q310: =IF(P310=TRUE,J310,IF(P310=FALSE,FALSE)) -> FALSE | R310: =IF(P310=TRUE,F310,IF(P310=FALSE,"Data mangler")) -> FALSE | V310: Schneider effektbryter
A311: IT-230V | B311: Schneider effektbryter | C311: 25 | D311: 19.9 | E311: 10 | F311: 50mm2 Al | H311: 50 | I311: =MID(F311,6,3) -> Al | J311: 289 | K311: =IF(AND($A$20=$A311,$B$20=$B311,$C$20=$C311,$D$20=$D311,$E$20=$E311,$F$20=$F311),TRUE,"") -> #N/A | L311: =IF(K311=TRUE,J311,"") -> #N/A | M311: =IF(AND($A$21=$A311,$B$21=$B311,$C$21=$C311,$D$21=$D311,$E$21=$E311,$J$7<=J311),TRUE,"") | N311: =IF(M311=TRUE,J311,"") | O311: =IF(M311=TRUE,F311,"") | P311: =IF(AND($C$24=50,'Beregning AC vern'!U273="IT-230V"),FALSE,IF(AND($A$24=$A311,$B$24=$B311,$C$24=$C311,$D$24=$D311,$E$24=$E311),TRUE,"")) | Q311: =IF(P311=TRUE,J311,IF(P311=FALSE,FALSE)) -> FALSE | R311: =IF(P311=TRUE,F311,IF(P311=FALSE,"Data mangler")) -> FALSE
A312: IT-230V | B312: Schneider effektbryter | C312: 32 | D312: 19.9 | E312: 10 | F312: 10mm2 Cu | H312: 10 | I312: =MID(F312,6,3) -> Cu | J312: 82 | K312: =IF(AND($A$20=$A312,$B$20=$B312,$C$20=$C312,$D$20=$D312,$E$20=$E312,$F$20=$F312),TRUE,"") -> #N/A | L312: =IF(K312=TRUE,J312,"") -> #N/A | M312: =IF(AND($A$21=$A312,$B$21=$B312,$C$21=$C312,$D$21=$D312,$E$21=$E312,$J$7<=J312),TRUE,"") | N312: =IF(M312=TRUE,J312,"") | O312: =IF(M312=TRUE,F312,"") | P312: =IF(AND($C$24=50,'Beregning AC vern'!U274="IT-230V"),FALSE,IF(AND($A$24=$A312,$B$24=$B312,$C$24=$C312,$D$24=$D312,$E$24=$E312),TRUE,"")) | Q312: =IF(P312=TRUE,J312,IF(P312=FALSE,FALSE)) -> FALSE | R312: =IF(P312=TRUE,F312,IF(P312=FALSE,"Data mangler")) -> FALSE
A313: IT-230V | B313: Schneider effektbryter | C313: 32 | D313: 19.9 | E313: 10 | F313: 25mm2 Al | H313: 25 | I313: =MID(F313,6,3) -> Al | J313: 124 | K313: =IF(AND($A$20=$A313,$B$20=$B313,$C$20=$C313,$D$20=$D313,$E$20=$E313,$F$20=$F313),TRUE,"") -> #N/A | L313: =IF(K313=TRUE,J313,"") -> #N/A | M313: =IF(AND($A$21=$A313,$B$21=$B313,$C$21=$C313,$D$21=$D313,$E$21=$E313,$J$7<=J313),TRUE,"") | N313: =IF(M313=TRUE,J313,"") | O313: =IF(M313=TRUE,F313,"") | P313: =IF(AND($C$24=50,'Beregning AC vern'!U275="IT-230V"),FALSE,IF(AND($A$24=$A313,$B$24=$B313,$C$24=$C313,$D$24=$D313,$E$24=$E313),TRUE,"")) | Q313: =IF(P313=TRUE,J313,IF(P313=FALSE,FALSE)) -> FALSE | R313: =IF(P313=TRUE,F313,IF(P313=FALSE,"Data mangler")) -> FALSE
A314: IT-230V | B314: Schneider effektbryter | C314: 32 | D314: 19.9 | E314: 10 | F314: 50mm2 Al | H314: 50 | I314: =MID(F314,6,3) -> Al | J314: 226 | K314: =IF(AND($A$20=$A314,$B$20=$B314,$C$20=$C314,$D$20=$D314,$E$20=$E314,$F$20=$F314),TRUE,"") -> #N/A | L314: =IF(K314=TRUE,J314,"") -> #N/A | M314: =IF(AND($A$21=$A314,$B$21=$B314,$C$21=$C314,$D$21=$D314,$E$21=$E314,$J$7<=J314),TRUE,"") | N314: =IF(M314=TRUE,J314,"") | O314: =IF(M314=TRUE,F314,"") | P314: =IF(AND($C$24=50,'Beregning AC vern'!U276="IT-230V"),FALSE,IF(AND($A$24=$A314,$B$24=$B314,$C$24=$C314,$D$24=$D314,$E$24=$E314),TRUE,"")) | Q314: =IF(P314=TRUE,J314,IF(P314=FALSE,FALSE)) -> FALSE | R314: =IF(P314=TRUE,F314,IF(P314=FALSE,"Data mangler")) -> FALSE
A315: IT-230V | B315: Schneider effektbryter | C315: 40 | D315: 19.9 | E315: 10 | F315: 25mm2 Cu | H315: 25 | I315: =MID(F315,6,3) -> Cu | J315: 160 | K315: =IF(AND($A$20=$A315,$B$20=$B315,$C$20=$C315,$D$20=$D315,$E$20=$E315,$F$20=$F315),TRUE,"") -> #N/A | L315: =IF(K315=TRUE,J315,"") -> #N/A | M315: =IF(AND($A$21=$A315,$B$21=$B315,$C$21=$C315,$D$21=$D315,$E$21=$E315,$J$7<=J315),TRUE,"") | N315: =IF(M315=TRUE,J315,"") | O315: =IF(M315=TRUE,F315,"") | P315: =IF(AND($C$24=50,'Beregning AC vern'!U277="IT-230V"),FALSE,IF(AND($A$24=$A315,$B$24=$B315,$C$24=$C315,$D$24=$D315,$E$24=$E315),TRUE,"")) | Q315: =IF(P315=TRUE,J315,IF(P315=FALSE,FALSE)) -> FALSE | R315: =IF(P315=TRUE,F315,IF(P315=FALSE,"Data mangler")) -> FALSE
A316: IT-230V | B316: Schneider effektbryter | C316: 40 | D316: 19.9 | E316: 10 | F316: 25mm2 Al | H316: 25 | I316: =MID(F316,6,3) -> Al | J316: 99 | K316: =IF(AND($A$20=$A316,$B$20=$B316,$C$20=$C316,$D$20=$D316,$E$20=$E316,$F$20=$F316),TRUE,"") -> #N/A | L316: =IF(K316=TRUE,J316,"") -> #N/A | M316: =IF(AND($A$21=$A316,$B$21=$B316,$C$21=$C316,$D$21=$D316,$E$21=$E316,$J$7<=J316),TRUE,"") | N316: =IF(M316=TRUE,J316,"") | O316: =IF(M316=TRUE,F316,"") | P316: =IF(AND($C$24=50,'Beregning AC vern'!U278="IT-230V"),FALSE,IF(AND($A$24=$A316,$B$24=$B316,$C$24=$C316,$D$24=$D316,$E$24=$E316),TRUE,"")) | Q316: =IF(P316=TRUE,J316,IF(P316=FALSE,FALSE)) -> FALSE | R316: =IF(P316=TRUE,F316,IF(P316=FALSE,"Data mangler")) -> FALSE
A317: IT-230V | B317: Schneider effektbryter | C317: 40 | D317: 19.9 | E317: 10 | F317: 50mm2 Al | H317: 50 | I317: =MID(F317,6,3) -> Al | J317: 180 | K317: =IF(AND($A$20=$A317,$B$20=$B317,$C$20=$C317,$D$20=$D317,$E$20=$E317,$F$20=$F317),TRUE,"") -> #N/A | L317: =IF(K317=TRUE,J317,"") -> #N/A | M317: =IF(AND($A$21=$A317,$B$21=$B317,$C$21=$C317,$D$21=$D317,$E$21=$E317,$J$7<=J317),TRUE,"") | N317: =IF(M317=TRUE,J317,"") | O317: =IF(M317=TRUE,F317,"") | P317: =IF(AND($C$24=50,'Beregning AC vern'!U279="IT-230V"),FALSE,IF(AND($A$24=$A317,$B$24=$B317,$C$24=$C317,$D$24=$D317,$E$24=$E317),TRUE,"")) | Q317: =IF(P317=TRUE,J317,IF(P317=FALSE,FALSE)) -> FALSE | R317: =IF(P317=TRUE,F317,IF(P317=FALSE,"Data mangler")) -> FALSE
A318: IT-230V | B318: Schneider effektbryter | C318: 63 | D318: 19.9 | E318: 10 | F318: 50mm2 Al | H318: 50 | I318: =MID(F318,6,3) -> Al | J318: 114 | K318: =IF(AND($A$20=$A318,$B$20=$B318,$C$20=$C318,$D$20=$D318,$E$20=$E318,$F$20=$F318),TRUE,"") -> #N/A | L318: =IF(K318=TRUE,J318,"") -> #N/A | M318: =IF(AND($A$21=$A318,$B$21=$B318,$C$21=$C318,$D$21=$D318,$E$21=$E318,$J$7<=J318),TRUE,"") | N318: =IF(M318=TRUE,J318,"") | O318: =IF(M318=TRUE,F318,"") | P318: =IF(AND($C$24=50,'Beregning AC vern'!U280="IT-230V"),FALSE,IF(AND($A$24=$A318,$B$24=$B318,$C$24=$C318,$D$24=$D318,$E$24=$E318),TRUE,"")) | Q318: =IF(P318=TRUE,J318,IF(P318=FALSE,FALSE)) -> FALSE | R318: =IF(P318=TRUE,F318,IF(P318=FALSE,"Data mangler")) -> FALSE
A319: IT-230V | B319: Schneider effektbryter | C319: 80 | D319: 19.9 | E319: 10 | F319: 95mm2 Al | H319: 95 | I319: =MID(F319,6,3) -> Al | J319: 169 | K319: =IF(AND($A$20=$A319,$B$20=$B319,$C$20=$C319,$D$20=$D319,$E$20=$E319,$F$20=$F319),TRUE,"") -> #N/A | L319: =IF(K319=TRUE,J319,"") -> #N/A | M319: =IF(AND($A$21=$A319,$B$21=$B319,$C$21=$C319,$D$21=$D319,$E$21=$E319,$J$7<=J319),TRUE,"") | N319: =IF(M319=TRUE,J319,"") | O319: =IF(M319=TRUE,F319,"") | P319: =IF(AND($C$24=50,'Beregning AC vern'!U281="IT-230V"),FALSE,IF(AND($A$24=$A319,$B$24=$B319,$C$24=$C319,$D$24=$D319,$E$24=$E319),TRUE,"")) | Q319: =IF(P319=TRUE,J319,IF(P319=FALSE,FALSE)) -> FALSE | R319: =IF(P319=TRUE,F319,IF(P319=FALSE,"Data mangler")) -> FALSE
...

Sheet Kabellengder AC
A1: Oversikt IT-anlegg 230V | C1: Kortslutningstrømmer: | F1: Ikpmaks | G1: Ikpmin | I1: Oversikt TN-anlegg 400V | K1: Kortslutningstrømmer: | N1: Ikpmaks | O1: Ikpmin | Q1: Oversikt IT-anlegg 230V | S1: Kortslutningstrømmer: | T1: Ikpmaks | W1: Ikpmin | Y1: Oversikt TN-anlegg 400V | AA1: Kortslutningstrømmer: | AB1: Ikpmaks | AE1: Ikpmin | AG1: Oversikt IT-anlegg 230V | AI1: Kortslutningstrømmer: | AL1: Ikpmaks | AM1: Ikpmin | AO1: Oversikt TN-anlegg 400V | AQ1: Kortslutningstrømmer: | AT1: Ikpmaks | AU1: Ikpmin
A2: vern i H.F for hovedkabler | F2: 9,9kA | G2: 0,25-8,5kA | I2: Vern for stigere til Ice U.F | N2: 9,9kA | O2: 0,25-8,5kA | Q2: vern i H.F for hovedkabler | T2: 9,9kA | W2: 0,25-8,5kA | Y2: Vern for stigere til Ice U.F | AB2: 9,9kA | AE2: 0,25-8,5kA | AG2: Vern for stigere til Ice U.F | AL2: 19,9kA | AM2: 15kA | AO2: Vern for stigere til Ice U.F | AT2: 19,9kA | AU2: 15kA
A3: Schneider elementautomat | I3: Schneider elementautomat | Q3: Eaton elementautomat | Y3: Eaton elementautomat | AG3: Schneider effektbryter | AO3: Schneider effektbryter
A4: Vern (A) | B4: Ikpmaks (kA) | C4: Ikpmin (kA) | D4: Tversnitt | E4: Nytt tverrsnitt | F4: Ledertype | G4: Kabellengde (m) | I4: Vern (A) | J4: Ikpmaks (kA) | K4: Ikpmin (kA) | L4: Tversnitt | M4: Nytt tverrsnitt | N4: Ledertype | O4: Kabellengde (m) | Q4: Vern (A) | R4: Ikpmaks (kA) | S4: Ikpmin (kA) | T4: Tversnitt | U4: Nytt tverrsnitt | V4: Ledertype | W4: Kabellengde (m) | Y4: Vern (A) | Z4: Ikpmaks (kA) | AA4: Ikpmin (kA) | AB4: Tversnitt | AC4: Nytt tverrsnitt | AD4: Ledertype | AE4: Kabellengde (m) | AG4: Vern (A) | AH4: Ikpmaks (kA) | AI4: Ikpmin (kA) | AJ4: Tversnitt | AK4: Nytt tverrsnitt | AL4: Ledertype | AM4: Kabellengde (m) | AO4: Vern (A) | AP4: Ikpmaks (kA) | AQ4: Ikpmin (kA) | AR4: Tversnitt | AS4: Nytt tverrsnitt | AT4: Ledertype | AU4: Kabellengde (m)
A5: 25 | B5: 9.9 | C5: 0.25 | D5: 6mm2 Cu | E5: 6 | F5: =MID(D5,6,3) -> Cu | G5: 15 | I5: 25 | J5: 9.9 | K5: 0.25 | L5: 6mm2 Cu | M5: 6 | N5: =MID(L5,6,3) -> Cu | O5: 52 | Q5: 25 | R5: 9.9 | S5: 0.25 | T5: 6mm2 Cu | U5: 6 | V5: =MID(T5,6,3) -> Cu | W5: 58 | Y5: 25 | Z5: 9.9 | AA5: 0.25 | AB5: 6mm2 Cu | AC5: 6 | AD5: =MID(AB5,6,3) -> Cu | AE5: 108 | AG5: 25 | AH5: 19.9 | AI5: 10 | AJ5: 6mm2 Cu | AK5: 6 | AL5: =MID(AJ5,6,3) -> Cu | AM5: 63 | AO5: 25 | AP5: 19.9 | AQ5: 10 | AR5: 6mm2 Cu | AS5: 6 | AT5: =MID(AR5,6,3) -> Cu | AU5: 109
A6: 25 | B6: 9.9 | C6: 0.25 | D6: 10mm2 Cu | E6: 10 | F6: =MID(D6,6,3) -> Cu | G6: 25 | I6: 25 | J6: 9.9 | K6: 0.25 | L6: 10mm2 Cu | M6: 10 | N6: =MID(L6,6,3) -> Cu | O6: 86 | Q6: 25 | R6: 9.9 | S6: 0.25 | T6: 10mm2 Cu | U6: 10 | V6: =MID(T6,6,3) -> Cu | W6: 98 | Y6: 25 | Z6: 9.9 | AA6: 0.25 | AB6: 10mm2 Cu | AC6: 10 | AD6: =MID(AB6,6,3) -> Cu | AE6: 170 | AG6: 25 | AH6: 19.9 | AI6: 10 | AJ6: 10mm2 Cu | AK6: 10 | AL6: =MID(AJ6,6,3) -> Cu | AM6: 105 | AO6: 25 | AP6: 19.9 | AQ6: 10 | AR6: 10mm2 Cu | AS6: 10 | AT6: =MID(AR6,6,3) -> Cu | AU6: 181
A7: 25 | B7: 9.9 | C7: 0.25 | D7: 25mm2 Al | E7: 25 | F7: =MID(D7,6,3) -> Al | G7: 38 | I7: 25 | J7: 9.9 | K7: 0.25 | L7: 25mm2 Al | M7: 25 | N7: =MID(L7,6,3) -> Al | O7: 132 | Q7: 25 | R7: 9.9 | S7: 0.25 | T7: 25mm2 Al | U7: 25 | V7: =MID(T7,6,3) -> Al | W7: 145 | Y7: 25 | Z7: 9.9 | AA7: 0.25 | AB7: 25mm2 Al | AC7: 25 | AD7: =MID(AB7,6,3) -> Al | AE7: 270 | AG7: 25 | AH7: 19.9 | AI7: 10 | AJ7: 25mm2 Al | AK7: 25 | AL7: =MID(AJ7,6,3) -> Al | AM7: 158 | AO7: 25 | AP7: 19.9 | AQ7: 10 | AR7: 25mm2 Al | AS7: 25 | AT7: =MID(AR7,6,3) -> Al | AU7: 271
A8: 25 | B8: 9.9 | C8: 0.25 | D8: 50mm2 Al | E8: 50 | F8: =MID(D8,6,3) -> Al | G8: 69 | I8: 25 | J8: 9.9 | K8: 0.25 | L8: 50mm2 Al | M8: 50 | N8: =MID(L8,6,3) -> Al | O8: 241 | Q8: 25 | R8: 9.9 | S8: 0.25 | T8: 50mm2 Al | U8: 50 | V8: =MID(T8,6,3) -> Al | W8: 260 | Y8: 25 | Z8: 9.9 | AA8: 0.25 | AB8: 50mm2 Al | AC8: 50 | AD8: =MID(AB8,6,3) -> Al | AE8: 475 | AG8: 25 | AH8: 19.9 | AI8: 10 | AJ8: 50mm2 Al | AK8: 50 | AL8: =MID(AJ8,6,3) -> Al | AM8: 289 | AO8: 25 | AP8: 19.9 | AQ8: 10 | AR8: 50mm2 Al | AS8: 50 | AT8: =MID(AR8,6,3) -> Al | AU8: 490
A9: 25 | B9: 9.9 | C9: 0.5 | D9: 6mm2 Cu | E9: 6 | F9: =MID(D9,6,3) -> Cu | G9: 43 | I9: 25 | J9: 9.9 | K9: 0.5 | L9: 6mm2 Cu | M9: 6 | N9: =MID(L9,6,3) -> Cu | O9: 75 | Q9: 32 | R9: 9.9 | S9: 0.25 | T9: 10mm2 Cu | U9: 10 | V9: =MID(T9,6,3) -> Cu | W9: 55 | Y9: 32 | Z9: 9.9 | AA9: 0.25 | AB9: 10mm2 Cu | AC9: 10 | AD9: =MID(AB9,6,3) -> Cu | AE9: 142 | AG9: 32 | AH9: 19.9 | AI9: 10 | AJ9: 10mm2 Cu | AK9: 10 | AL9: =MID(AJ9,6,3) -> Cu | AM9: 82 | AO9: 32 | AP9: 19.9 | AQ9: 10 | AR9: 10mm2 Cu | AS9: 10 | AT9: =MID(AR9,6,3) -> Cu | AU9: 140
A10: 25 | B10: 9.9 | C10: 0.5 | D10: 10mm2 Cu | E10: 10 | F10: =MID(D10,6,3) -> Cu | G10: 73 | I10: 25 | J10: 9.9 | K10: 0.5 | L10: 10mm2 Cu | M10: 10 | N10: =MID(L10,6,3) -> Cu | O10: 127 | Q10: 32 | R10: 9.9 | S10: 0.25 | T10: 25mm2 Al | U10: 25 | V10: =MID(T10,6,3) -> Al | W10: 82 | Y10: 32 | Z10: 9.9 | AA10: 0.25 | AB10: 25mm2 Al | AC10: 25 | AD10: =MID(AB10,6,3) -> Al | AE10: 210 | AG10: 32 | AH10: 19.9 | AI10: 10 | AJ10: 25mm2 Al | AK10: 25 | AL10: =MID(AJ10,6,3) -> Al | AM10: 124 | AO10: 32 | AP10: 19.9 | AQ10: 10 | AR10: 25mm2 Al | AS10: 25 | AT10: =MID(AR10,6,3) -> Al | AU10: 214
A11: 25 | B11: 9.9 | C11: 0.5 | D11: 25mm2 Al | E11: 25 | F11: =MID(D11,6,3) -> Al | G11: 110 | I11: 25 | J11: 9.9 | K11: 0.5 | L11: 25mm2 Al | M11: 25 | N11: =MID(L11,6,3) -> Al | O11: 199 | Q11: 32 | R11: 9.9 | S11: 0.25 | T11: 50mm2 Al | U11: 50 | V11: =MID(T11,6,3) -> Al | W11: 150 | Y11: 32 | Z11: 9.9 | AA11: 0.25 | AB11: 50mm2 Al | AC11: 50 | AD11: =MID(AB11,6,3) -> Al | AE11: 380 | AG11: 32 | AH11: 19.9 | AI11: 10 | AJ11: 50mm2 Al | AK11: 50 | AL11: =MID(AJ11,6,3) -> Al | AM11: 226 | AO11: 32 | AP11: 19.9 | AQ11: 10 | AR11: 50mm2 Al | AS11: 50 | AT11: =MID(AR11,6,3) -> Al | AU11: 390
A12: 25 | B12: 9.9 | C12: 0.5 | D12: 50mm2 Al | E12: 50 | F12: =MID(D12,6,3) -> Al | G12: 204 | I12: 25 | J12: 9.9 | K12: 0.5 | L12: 50mm2 Al | M12: 50 | N12: =MID(L12,6,3) -> Al | O12: 368 | Q12: 40 | R12: 9.9 | S12: 0.25 | T12: 16mm2 Cu | U12: 16 | V12: =MID(T12,6,3) -> Cu | W12: 37 | Y12: 40 | Z12: 9.9 | AA12: 0.25 | AB12: 16mm2 Cu | AC12: 16 | AD12: =MID(AB12,6,3) -> Cu | AE12: 135 | AG12: 40 | AH12: 19.9 | AI12: 10 | AJ12: 25mm2 Cu | AK12: 25 | AL12: =MID(AJ12,6,3) -> Cu | AM12: 160 | AO12: 40 | AP12: 19.9 | AQ12: 10 | AR12: 25mm2 Cu | AS12: 25 | AT12: =MID(AR12,6,3) -> Cu | AU12: 179
A13: 32 | B13: 9.9 | C13: 0.5 | D13: 10mm2 Cu | E13: 10 | F13: =MID(D13,6,3) -> Cu | G13: 44 | I13: 32 | J13: 9.9 | K13: 0.5 | L13: 10mm2 Cu | M13: 10 | N13: =MID(L13,6,3) -> Cu | O13: 73 | Q13: 40 | R13: 9.9 | S13: 0.25 | T13: 25mm2 Al | U13: 25 | V13: =MID(T13,6,3) -> Al | W13: 37 | Y13: 40 | Z13: 9.9 | AA13: 0.25 | AB13: 25mm2 Al | AC13: 25 | AD13: =MID(AB13,6,3) -> Al | AE13: 125 | AG13: 40 | AH13: 19.9 | AI13: 10 | AJ13: 25mm2 Al | AK13: 25 | AL13: =MID(AJ13,6,3) -> Al | AM13: 99 | AO13: 40 | AP13: 19.9 | AQ13: 10 | AR13: 25mm2 Al | AS13: 25 | AT13: =MID(AR13,6,3) -> Al | AU13: 170
A14: 32 | B14: 9.9 | C14: 0.5 | D14: 25mm2 Al | E14: 25 | F14: =MID(D14,6,3) -> Al | G14: 66 | I14: 32 | J14: 9.9 | K14: 0.5 | L14: 25mm2 Al | M14: 25 | N14: =MID(L14,6,3) -> Al | O14: 111 | Q14: 40 | R14: 9.9 | S14: 0.25 | T14: 50mm2 Al | U14: 50 | V14: =MID(T14,6,3) -> Al | W14: 68 | Y14: 40 | Z14: 9.9 | AA14: 0.25 | AB14: 50mm2 Al | AC14: 50 | AD14: =MID(AB14,6,3) -> Al | AE14: 240 | AG14: 40 | AH14: 19.9 | AI14: 10 | AJ14: 50mm2 Al | AK14: 50 | AL14: =MID(AJ14,6,3) -> Al | AM14: 180 | AO14: 40 | AP14: 19.9 | AQ14: 10 | AR14: 50mm2 Al | AS14: 50 | AT14: =MID(AR14,6,3) -> Al | AU14: 310
A15: 32 | B15: 9.9 | C15: 0.5 | D15: 50mm2 Al | E15: 50 | F15: =MID(D15,6,3) -> Al | G15: 123 | I15: 32 | J15: 9.9 | K15: 0.5 | L15: 50mm2 Al | M15: 50 | N15: =MID(L15,6,3) -> Al | O15: 205 | Q15: 25 | R15: 9.9 | S15: 0.5 | T15: 6mm2 Cu | U15: 6 | V15: =MID(T15,6,3) -> Cu | W15: 62 | Y15: 25 | Z15: 9.9 | AA15: 0.5 | AB15: 6mm2 Cu | AC15: 6 | AD15: =MID(AB15,6,3) -> Cu | AE15: 108 | AG15: 63 | AH15: 19.9 | AI15: 10 | AJ15: 50mm2 Al | AK15: 50 | AL15: =MID(AJ15,6,3) -> Al | AM15: 114 | AO15: 63 | AP15: 19.9 | AQ15: 10 | AR15: 50mm2 Al | AS15: 50 | AT15: =MID(AR15,6,3) -> Al | AU15: 195
A16: 40 | B16: 9.9 | C16: 0.5 | D16: 16mm2 Cu | E16: 16 | F16: =MID(D16,6,3) -> Cu | G16: 45 | I16: 40 | J16: 9.9 | K16: 0.5 | L16: 16mm2 Cu | M16: 16 | N16: =MID(L16,6,3) -> Cu | O16: 67 | Q16: 25 | R16: 9.9 | S16: 0.5 | T16: 10mm2 Cu | U16: 10 | V16: =MID(T16,6,3) -> Cu | W16: 104 | Y16: 25 | Z16: 9.9 | AA16: 0.5 | AB16: 10mm2 Cu | AC16: 10 | AD16: =MID(AB16,6,3) -> Cu | AE16: 180 | AG16: 80 | AH16: 19.9 | AI16: 10 | AJ16: 95mm2 Al | AK16: 95 | AL16: =MID(AJ16,6,3) -> Al | AM16: 169 | AO16: 80 | AP16: 19.9 | AQ16: 10 | AR16: 95mm2 Al | AS16: 95 | AT16: =MID(AR16,6,3) -> Al | AU16: 290
... A28: 40 | B28: 9.9 | C28: 1 | D28: 25mm2 Al | E28: 25 | F28: =MID(D28,6,3) -> Al | G28: 79 | I28: 40 | J28: 9.9 | K28: 1 | L28: 25mm2 Al | M28: 25 | N28: =MID(L28,6,3) -> Al | O28: 64 | Q28: 25 | R28: 9.9 | S28: 1 | T28: 25mm2 Al | U28: 25 | V28: =MID(T28,6,3) -> Al | W28: 155 | Y28: 25 | Z28: 9.9 | AA28: 1 | AB28: 6mm2 Cu | AC28: 6 | AD28: =MID(AB28,6,3) -> Cu | AE28: 108 | AG28: 80 | AH28: 19.9 | AI28: 15 | AJ28: 95mm2 Al | AK28: 95 | AL28: =MID(AJ28,6,3) -> Al | AM28: 169 | AO28: 80 | AP28: 19.9 | AQ28: 15 | AR28: 95mm2 Al | AS28: 95 | AT28: =MID(AR28,6,3) -> Al | AU28: 297
A29: 40 | B29: 9.9 | C29: 1 | D29: 50mm2 Al | E29: 50 | F29: =MID(D29,6,3) -> Al | G29: 147 | I29: 40 | J29: 9.9 | K29: 1 | L29: 50mm2 Al | M29: 50 | N29: =MID(L29,6,3) -> Al | O29: 118 | Q29: 25 | R29: 9.9 | S29: 1 | T29: 50mm2 Al | U29: 50 | V29: =MID(T29,6,3) -> Al | W29: 286 | Y29: 25 | Z29: 9.9 | AA29: 1 | AB29: 10mm2 Cu | AC29: 10 | AD29: =MID(AB29,6,3) -> Cu | AE29: 183
A30: 63 | B30: 9.9 | C30: 1 | D30: 50mm2 Al | E30: 50 | F30: =MID(D30,6,3) -> Al | G30: 75 | I30: 50 | J30: 9.9 | K30: 1 | L30: 50mm2 Al | M30: 50 | N30: =MID(L30,6,3) -> Al | O30: 26 | Q30: 32 | R30: 9.9 | S30: 1 | T30: 10mm2 Cu | U30: 10 | V30: =MID(T30,6,3) -> Cu | W30: 80 | Y30: 25 | Z30: 9.9 | AA30: 1 | AB30: 25mm2 Al | AC30: 25 | AD30: =MID(AB30,6,3) -> Al | AE30: 275
A31: 80 | B31: 9.9 | C31: 1 | D31: 95mm2 Al | E31: 95 | F31: =MID(D31,6,3) -> Al | G31: 136 | I31: 25 | J31: 9.9 | K31: 2 | L31: 6mm2 Cu | M31: 6 | N31: =MID(L31,6,3) -> Cu | O31: 78 | Q31: 32 | R31: 9.9 | S31: 1 | T31: 25mm2 Al | U31: 25 | V31: =MID(T31,6,3) -> Al | W31: 120 | Y31: 25 | Z31: 9.9 | AA31: 1 | AB31: 50mm2 Al | AC31: 50 | AD31: =MID(AB31,6,3) -> Al | AE31: 490
A32: 25 | B32: 9.9 | C32: 2 | D32: 6mm2 Cu | E32: 6 | F32: =MID(D32,6,3) -> Cu | G32: 63 | I32: 25 | J32: 9.9 | K32: 2 | L32: 10mm2 Cu | M32: 10 | N32: =MID(L32,6,3) -> Cu | O32: 132 | Q32: 32 | R32: 9.9 | S32: 1 | T32: 50mm2 Al | U32: 50 | V32: =MID(T32,6,3) -> Al | W32: 215 | Y32: 32 | Z32: 9.9 | AA32: 1 | AB32: 10mm2 Cu | AC32: 10 | AD32: =MID(AB32,6,3) -> Cu | AE32: 142
A33: 25 | B33: 9.9 | C33: 2 | D33: 10mm2 Cu | E33: 10 | F33: =MID(D33,6,3) -> Cu | G33: 104 | I33: 25 | J33: 9.9 | K33: 2 | L33: 25mm2 Al | M33: 25 | N33: =MID(L33,6,3) -> Al | O33: 199 | Q33: 40 | R33: 9.9 | S33: 1 | T33: 16mm2 Cu | U33: 16 | V33: =MID(T33,6,3) -> Cu | W33: 101 | Y33: 32 | Z33: 9.9 | AA33: 1 | AB33: 25mm2 Al | AC33: 25 | AD33: =MID(AB33,6,3) -> Al | AE33: 214
A34: 25 | B34: 9.9 | C34: 2 | D34: 25mm2 Al | E34: 25 | F34: =MID(D34,6,3) -> Al | G34: 158 | I34: 25 | J34: 9.9 | K34: 2 | L34: 50mm2 Al | M34: 50 | N34: =MID(L34,6,3) -> Al | O34: 368 | Q34: 40 | R34: 9.9 | S34: 1 | T34: 25mm2 Al | U34: 25 | V34: =MID(T34,6,3) -> Al | W34: 97 | Y34: 32 | Z34: 9.9 | AA34: 1 | AB34: 50mm2 Al | AC34: 50 | AD34: =MID(AB34,6,3) -> Al | AE34: 390
A35: 25 | B35: 9.9 | C35: 2 | D35: 50mm2 Al | E35: 50 | F35: =MID(D35,6,3) -> Al | G35: 285 | I35: 32 | J35: 9.9 | K35: 2 | L35: 10mm2 Cu | M35: 10 | N35: =MID(L35,6,3) -> Cu | O35: 67 | Q35: 40 | R35: 9.9 | S35: 1 | T35: 50mm2 Al | U35: 50 | V35: =MID(T35,6,3) -> Al | W35: 175 | Y35: 40 | Z35: 9.9 | AA35: 1 | AB35: 16mm2 Cu | AC35: 16 | AD35: =MID(AB35,6,3) -> Cu | AE35: 178
A36: 32 | B36: 9.9 | C36: 2 | D36: 10mm2 Cu | E36: 10 | F36: =MID(D36,6,3) -> Cu | G36: 78 | I36: 32 | J36: 9.9 | K36: 2 | L36: 25mm2 Al | M36: 25 | N36: =MID(L36,6,3) -> Al | O36: 111 | Q36: 63 | R36: 9.9 | S36: 1 | T36: 50mm2 Al | U36: 50 | V36: =MID(T36,6,3) -> Al | W36: 110 | Y36: 40 | Z36: 9.9 | AA36: 1 | AB36: 25mm2 Al | AC36: 25 | AD36: =MID(AB36,6,3) -> Al | AE36: 170
A37: 32 | B37: 9.9 | C37: 2 | D37: 25mm2 Al | E37: 25 | F37: =MID(D37,6,3) -> Al | G37: 119 | I37: 32 | J37: 9.9 | K37: 2 | L37: 50mm2 Al | M37: 50 | N37: =MID(L37,6,3) -> Al | O37: 205 | Q37: 25 | R37: 9.9 | S37: 2 | T37: 6mm2 Cu | U37: 6 | V37: =MID(T37,6,3) -> Cu | W37: 63 | Y37: 40 | Z37: 9.9 | AA37: 1 | AB37: 50mm2 Al | AC37: 50 | AD37: =MID(AB37,6,3) -> Al | AE37: 306
A38: 32 | B38: 9.9 | C38: 2 | D38: 50mm2 Al | E38: 50 | F38: =MID(D38,6,3) -> Al | G38: 221 | I38: 40 | J38: 9.9 | K38: 2 | L38: 16mm2 Cu | M38: 16 | N38: =MID(L38,6,3) -> Cu | O38: 67 | Q38: 25 | R38: 9.9 | S38: 2 | T38: 10mm2 Cu | U38: 10 | V38: =MID(T38,6,3) -> Cu | W38: 104 | Y38: 50 | Z38: 9.9 | AA38: 1 | AB38: 25mm2 Al | AC38: 25 | AD38: =MID(AB38,6,3) -> Al | AE38: 125
A39: 40 | B39: 9.9 | C39: 2 | D39: 16mm2 Cu | E39: 16 | F39: =MID(D39,6,3) -> Cu | G39: 101 | I39: 40 | J39: 9.9 | K39: 2 | L39: 25mm2 Al | M39: 25 | N39: =MID(L39,6,3) -> Al | O39: 64 | Q39: 25 | R39: 9.9 | S39: 2 | T39: 25mm2 Al | U39: 25 | V39: =MID(T39,6,3) -> Al | W39: 158 | Y39: 50 | Z39: 9.9 | AA39: 1 | AB39: 50mm2 Al | AC39: 50 | AD39: =MID(AB39,6,3) -> Al | AE39: 232
A40: 40 | B40: 9.9 | C40: 2 | D40: 25mm2 Al | E40: 25 | F40: =MID(D40,6,3) -> Al | G40: 96 | I40: 40 | J40: 9.9 | K40: 2 | L40: 50mm2 Al | M40: 50 | N40: =MID(L40,6,3) -> Al | O40: 118 | Q40: 25 | R40: 9.9 | S40: 2 | T40: 50mm2 Al | U40: 50 | V40: =MID(T40,6,3) -> Al | W40: 286 | Y40: 63 | Z40: 9.9 | AA40: 1 | AB40: 50mm2 Al | AC40: 50 | AD40: =MID(AB40,6,3) -> Al | AE40: 118
... A63: 40 | B63: 9.9 | C63: 8.5 | D63: 16mm2 Cu | E63: 16 | F63: =MID(D63,6,3) -> Cu | G63: 103 | I63: 50 | J63: 9.9 | K63: 8.5 | L63: 50mm2 Al | M63: 50 | N63: =MID(L63,6,3) -> Al | O63: 26 | Q63: 25 | R63: 9.9 | S63: 8.5 | T63: 25mm2 Al | U63: 25 | V63: =MID(T63,6,3) -> Al | W63: 158 | Y63: 40 | Z63: 9.9 | AA63: 5 | AB63: 50mm2 Al | AC63: 50 | AD63: =MID(AB63,6,3) -> Al | AE63: 312
A64: 40 | B64: 9.9 | C64: 8.5 | D64: 25mm2 Al | E64: 25 | F64: =MID(D64,6,3) -> Al | G64: 99 | Q64: 25 | R64: 9.9 | S64: 8.5 | T64: 50mm2 Al | U64: 50 | V64: =MID(T64,6,3) -> Al | W64: 286 | Y64: 50 | Z64: 9.9 | AA64: 5 | AB64: 25mm2 Al | AC64: 25 | AD64: =MID(AB64,6,3) -> Al | AE64: 126
A65: 40 | B65: 9.9 | C65: 8.5 | D65: 50mm2 Al | E65: 50 | F65: =MID(D65,6,3) -> Al | G65: 180 | Q65: 32 | R65: 9.9 | S65: 8.5 | T65: 10mm2 Cu | U65: 10 | V65: =MID(T65,6,3) -> Cu | W65: 81 | Y65: 50 | Z65: 9.9 | AA65: 5 | AB65: 50mm2 Al | AC65: 50 | AD65: =MID(AB65,6,3) -> Al | AE65: 232
A66: 63 | B66: 9.9 | C66: 8.5 | D66: 50mm2 Al | E66: 50 | F66: =MID(D66,6,3) -> Al | G66: 114 | Q66: 32 | R66: 9.9 | S66: 8.5 | T66: 25mm2 Al | U66: 25 | V66: =MID(T66,6,3) -> Al | W66: 122 | Y66: 63 | Z66: 9.9 | AA66: 5 | AB66: 50mm2 Al | AC66: 50 | AD66: =MID(AB66,6,3) -> Al | AE66: 119
A67: 80 | B67: 9.9 | C67: 8.5 | D67: 50mm2 Al | E67: 50 | F67: =MID(D67,6,3) -> Al | G67: 171 | Q67: 32 | R67: 9.9 | S67: 8.5 | T67: 50mm2 Al | U67: 50 | V67: =MID(T67,6,3) -> Al | W67: 226 | Y67: 25 | Z67: 9.9 | AA67: 8.5 | AB67: 6mm2 Cu | AC67: 6 | AD67: =MID(AB67,6,3) -> Cu | AE67: 108
Q68: 40 | R68: 9.9 | S68: 8.5 | T68: 16mm2 Cu | U68: 16 | V68: =MID(T68,6,3) -> Cu | W68: 103 | Y68: 25 | Z68: 9.9 | AA68: 8.5 | AB68: 10mm2 Cu | AC68: 10 | AD68: =MID(AB68,6,3) -> Cu | AE68: 180
Q69: 40 | R69: 9.9 | S69: 8.5 | T69: 25mm2 Al | U69: 25 | V69: =MID(T69,6,3) -> Al | W69: 97 | Y69: 25 | Z69: 9.9 | AA69: 8.5 | AB69: 25mm2 Al | AC69: 25 | AD69: =MID(AB69,6,3) -> Al | AE69: 275
Q70: 40 | R70: 9.9 | S70: 8.5 | T70: 50mm2 Al | U70: 50 | V70: =MID(T70,6,3) -> Al | W70: 179 | Y70: 25 | Z70: 9.9 | AA70: 8.5 | AB70: 50mm2 Al | AC70: 50 | AD70: =MID(AB70,6,3) -> Al | AE70: 490
Q71: 63 | R71: 9.9 | S71: 8.5 | T71: 50mm2 Al | U71: 50 | V71: =MID(T71,6,3) -> Al | W71: 113 | Y71: 32 | Z71: 9.9 | AA71: 8.5 | AB71: 10mm2 Cu | AC71: 10 | AD71: =MID(AB71,6,3) -> Cu | AE71: 142
Q72: 80 | R72: 9.9 | S72: 8.5 | T72: 50mm2 Al | U72: 50 | V72: =MID(T72,6,3) -> Al | W72: 170 | Y72: 32 | Z72: 9.9 | AA72: 8.5 | AB72: 25mm2 Al | AC72: 25 | AD72: =MID(AB72,6,3) -> Al | AE72: 214
Y73: 32 | Z73: 9.9 | AA73: 8.5 | AB73: 50mm2 Al | AC73: 50 | AD73: =MID(AB73,6,3) -> Al | AE73: 390
Y74: 40 | Z74: 9.9 | AA74: 8.5 | AB74: 16mm2 Cu | AC74: 16 | AD74: =MID(AB74,6,3) -> Cu | AE74: 178
Y75: 40 | Z75: 9.9 | AA75: 8.5 | AB75: 25mm2 Al | AC75: 25 | AD75: =MID(AB75,6,3) -> Al | AE75: 172
Y76: 40 | Z76: 9.9 | AA76: 8.5 | AB76: 50mm2 Al | AC76: 50 | AD76: =MID(AB76,6,3) -> Al | AE76: 312
Y77: 50 | Z77: 9.9 | AA77: 8.5 | AB77: 25mm2 Al | AC77: 25 | AD77: =MID(AB77,6,3) -> Al | AE77: 126
Y78: 50 | Z78: 9.9 | AA78: 8.5 | AB78: 50mm2 Al | AC78: 50 | AD78: =MID(AB78,6,3) -> Al | AE78: 232
Y79: 63 | Z79: 9.9 | AA79: 8.5 | AB79: 50mm2 Al | AC79: 50 | AD79: =MID(AB79,6,3) -> Al | AE79: 119
A97: BACKUP UNDER - 1. JUNI
A100: Nettsystem | B100: Vernleverandør | C100: Vern (A) | D100: Ikpmaks (kA) | E100: Ikpmin (kA) | F100: Tversnitt | G100: Nytt tverrsnitt | H100: Ledertype | I100: Kabellengde (m) | J100: Oversikt IT-anlegg 230V | L100: Kortslutningstrømmer: | O100: Ikpmaks | P100: Ikpmin
C101: 25 | D101: 9.9 | E101: 0.25 | F101: 6mm2 Cu | G101: 6 | H101: =MID(F101,6,3) -> Cu | I101: 15 | J101: vern i H.F for hovedkabler | O101: 9,9kA | P101: 0,25-8,5kA
C102: 25 | D102: 9.9 | E102: 0.25 | F102: 10mm2 Cu | G102: 10 | H102: =MID(F102,6,3) -> Cu | I102: 25 | J102: Schneider elementautomat
C103: 25 | D103: 9.9 | E103: 0.25 | F103: 25mm2 Al | G103: 25 | H103: =MID(F103,6,3) -> Al | I103: 38
C104: 25 | D104: 9.9 | E104: 0.25 | F104: 50mm2 Al | G104: 50 | H104: =MID(F104,6,3) -> Al | I104: 69
C105: 25 | D105: 9.9 | E105: 0.5 | F105: 6mm2 Cu | G105: 6 | H105: =MID(F105,6,3) -> Cu | I105: 43
C106: 25 | D106: 9.9 | E106: 0.5 | F106: 10mm2 Cu | G106: 10 | H106: =MID(F106,6,3) -> Cu | I106: 73
C107: 25 | D107: 9.9 | E107: 0.5 | F107: 25mm2 Al | G107: 25 | H107: =MID(F107,6,3) -> Al | I107: 110
C108: 25 | D108: 9.9 | E108: 0.5 | F108: 50mm2 Al | G108: 50 | H108: =MID(F108,6,3) -> Al | I108: 204
C109: 32 | D109: 9.9 | E109: 0.5 | F109: 10mm2 Cu | G109: 10 | H109: =MID(F109,6,3) -> Cu | I109: 44
C110: 32 | D110: 9.9 | E110: 0.5 | F110: 25mm2 Al | G110: 25 | H110: =MID(F110,6,3) -> Al | I110: 66
C111: 32 | D111: 9.9 | E111: 0.5 | F111: 50mm2 Al | G111: 50 | H111: =MID(F111,6,3) -> Al | I111: 123
C112: 40 | D112: 9.9 | E112: 0.5 | F112: 16mm2 Cu | G112: 16 | H112: =MID(F112,6,3) -> Cu | I112: 45
C113: 40 | D113: 9.9 | E113: 0.5 | F113: 25mm2 Al | G113: 25 | H113: =MID(F113,6,3) -> Al | I113: 43
C114: 40 | D114: 9.9 | E114: 0.5 | F114: 50mm2 Al | G114: 50 | H114: =MID(F114,6,3) -> Al | I114: 80
... C163: 80 | D163: 9.9 | E163: 8.5 | F163: 50mm2 Al | G163: 50 | H163: =MID(F163,6,3) -> Al | I163: 171
C164: Vern (A) | D164: Ikpmaks (kA) | E164: Ikpmin (kA) | F164: Tversnitt | G164: Nytt tverrsnitt | H164: Ledertype | I164: Kabellengde (m)
C165: 25 | D165: 9.9 | E165: 0.25 | F165: 6mm2 Cu | G165: 6 | H165: =MID(F165,6,3) -> Cu | I165: 52 | J165: Oversikt TN-anlegg 400V | L165: Kortslutningstrømmer: | O165: Ikpmaks | P165: Ikpmin
C166: 25 | D166: 9.9 | E166: 0.25 | F166: 10mm2 Cu | G166: 10 | H166: =MID(F166,6,3) -> Cu | I166: 86 | J166: Vern for stigere til Ice U.F | O166: 9,9kA | P166: 0,25-8,5kA
C167: 25 | D167: 9.9 | E167: 0.25 | F167: 25mm2 Al | G167: 25 | H167: =MID(F167,6,3) -> Al | I167: 132 | J167: Schneider elementautomat
C168: 25 | D168: 9.9 | E168: 0.25 | F168: 50mm2 Al | G168: 50 | H168: =MID(F168,6,3) -> Al | I168: 241
C169: 25 | D169: 9.9 | E169: 0.5 | F169: 6mm2 Cu | G169: 6 | H169: =MID(F169,6,3) -> Cu | I169: 75
C170: 25 | D170: 9.9 | E170: 0.5 | F170: 10mm2 Cu | G170: 10 | H170: =MID(F170,6,3) -> Cu | I170: 127
C171: 25 | D171: 9.9 | E171: 0.5 | F171: 25mm2 Al | G171: 25 | H171: =MID(F171,6,3) -> Al | I171: 199
C172: 25 | D172: 9.9 | E172: 0.5 | F172: 50mm2 Al | G172: 50 | H172: =MID(F172,6,3) -> Al | I172: 368
C173: 32 | D173: 9.9 | E173: 0.5 | F173: 10mm2 Cu | G173: 10 | H173: =MID(F173,6,3) -> Cu | I173: 73
C174: 32 | D174: 9.9 | E174: 0.5 | F174: 25mm2 Al | G174: 25 | H174: =MID(F174,6,3) -> Al | I174: 111
C175: 32 | D175: 9.9 | E175: 0.5 | F175: 50mm2 Al | G175: 50 | H175: =MID(F175,6,3) -> Al | I175: 205
C176: 40 | D176: 9.9 | E176: 0.5 | F176: 16mm2 Cu | G176: 16 | H176: =MID(F176,6,3) -> Cu | I176: 67
C177: 40 | D177: 9.9 | E177: 0.5 | F177: 25mm2 Al | G177: 25 | H177: =MID(F177,6,3) -> Al | I177: 64
C178: 40 | D178: 9.9 | E178: 0.5 | F178: 50mm2 Al | G178: 50 | H178: =MID(F178,6,3) -> Al | I178: 118
C179: 50 | D179: 9.9 | E179: 0.5 | F179: 50mm2 Al | G179: 50 | H179: =MID(F179,6,3) -> Al | I179: 26
... C223: 50 | D223: 9.9 | E223: 8.5 | F223: 50mm2 Al | G223: 50 | H223: =MID(F223,6,3) -> Al | I223: 26
C224: Vern (A) | D224: Ikpmaks (kA) | E224: Ikpmin (kA) | F224: Tversnitt | G224: Nytt tverrsnitt | H224: Ledertype | I224: Kabellengde (m)
C225: 25 | D225: 9.9 | E225: 0.25 | F225: 6mm2 Cu | G225: 6 | H225: =MID(F225,6,3) -> Cu | I225: 58 | J225: Oversikt IT-anlegg 230V | L225: Kortslutningstrømmer: | M225: Ikpmaks | P225: Ikpmin
C226: 25 | D226: 9.9 | E226: 0.25 | F226: 10mm2 Cu | G226: 10 | H226: =MID(F226,6,3) -> Cu | I226: 98 | J226: vern i H.F for hovedkabler | M226: 9,9kA | P226: 0,25-8,5kA
C227: 25 | D227: 9.9 | E227: 0.25 | F227: 25mm2 Al | G227: 25 | H227: =MID(F227,6,3) -> Al | I227: 145 | J227: Eaton elementautomat
C228: 25 | D228: 9.9 | E228: 0.25 | F228: 50mm2 Al | G228: 50 | H228: =MID(F228,6,3) -> Al | I228: 260
C229: 32 | D229: 9.9 | E229: 0.25 | F229: 10mm2 Cu | G229: 10 | H229: =MID(F229,6,3) -> Cu | I229: 55
C230: 32 | D230: 9.9 | E230: 0.25 | F230: 25mm2 Al | G230: 25 | H230: =MID(F230,6,3) -> Al | I230: 82
C231: 32 | D231: 9.9 | E231: 0.25 | F231: 50mm2 Al | G231: 50 | H231: =MID(F231,6,3) -> Al | I231: 150
C232: 40 | D232: 9.9 | E232: 0.25 | F232: 16mm2 Cu | G232: 16 | H232: =MID(F232,6,3) -> Cu | I232: 37
C233: 40 | D233: 9.9 | E233: 0.25 | F233: 25mm2 Al | G233: 25 | H233: =MID(F233,6,3) -> Al | I233: 37
C234: 40 | D234: 9.9 | E234: 0.25 | F234: 50mm2 Al | G234: 50 | H234: =MID(F234,6,3) -> Al | I234: 68
C235: 25 | D235: 9.9 | E235: 0.5 | F235: 6mm2 Cu | G235: 6 | H235: =MID(F235,6,3) -> Cu | I235: 62
C236: 25 | D236: 9.9 | E236: 0.5 | F236: 10mm2 Cu | G236: 10 | H236: =MID(F236,6,3) -> Cu | I236: 104
C237: 25 | D237: 9.9 | E237: 0.5 | F237: 25mm2 Al | G237: 25 | H237: =MID(F237,6,3) -> Al | I237: 155
C238: 25 | D238: 9.9 | E238: 0.5 | F238: 50mm2 Al | G238: 50 | H238: =MID(F238,6,3) -> Al | I238: 280
C239: 32 | D239: 9.9 | E239: 0.5 | F239: 10mm2 Cu | G239: 10 | H239: =MID(F239,6,3) -> Cu | I239: 82
... C292: 80 | D292: 9.9 | E292: 8.5 | F292: 50mm2 Al | G292: 50 | H292: =MID(F292,6,3) -> Al | I292: 170
C293: Vern (A) | D293: Ikpmaks (kA) | E293: Ikpmin (kA) | F293: Tversnitt | G293: Nytt tverrsnitt | H293: Ledertype | I293: Kabellengde (m)
C294: 25 | D294: 9.9 | E294: 0.25 | F294: 6mm2 Cu | G294: 6 | H294: =MID(F294,6,3) -> Cu | I294: 108 | J294: Oversikt TN-anlegg 400V | L294: Kortslutningstrømmer: | M294: Ikpmaks | P294: Ikpmin
C295: 25 | D295: 9.9 | E295: 0.25 | F295: 10mm2 Cu | G295: 10 | H295: =MID(F295,6,3) -> Cu | I295: 170 | J295: Vern for stigere til Ice U.F | M295: 9,9kA | P295: 0,25-8,5kA
...

Sheet Kabellengder (rå-data)
A1: Oversikt IT-anlegg 230V | C1: Kortslutningstrømmer: | D1: Ikpmaks | E1: Ikpmin | U1: Oversikt TN-anlegg 400V | W1: Kortslutningstrømmer: | X1: Ikpmaks | Y1: Ikpmin
A2: vern i H.F for hovedkabler | D2: 9,9kA | E2: 0,25-8,5kA | U2: Vern for stigere til Ice U.F | X2: 9,9kA | Y2: 0,25-8,5kA
A3: Schneider elementautomat | U3: Schneider elementautomat
B4: Vern (A) | C4: Ikpmaks (kA) | D4: Ikpmin (kA) | E4: Tversnitt | F4: Kabellengde (m) | H4: Vern (A) | I4: Ikpmaks (kA) | J4: Ikpmin (kA) | K4: Tversnitt | L4: Kabellengde (m) | N4: Vern (A) | O4: Ikpmaks (kA) | P4: Ikpmin (kA) | Q4: Tversnitt | R4: Kabellengde (m) | V4: Vern (A) | W4: Ikpmaks (kA) | X4: Ikpmin (kA) | Y4: Tversnitt | Z4: Kabellengde (m) | AB4: Vern (A) | AC4: Ikpmaks (kA) | AD4: Ikpmin (kA) | AE4: Tversnitt | AF4: Kabellengde (m) | AH4: Vern (A) | AI4: Ikpmaks (kA) | AJ4: Ikpmin (kA) | AK4: Tversnitt | AL4: Kabellengde (m)
B6: 25 | C6: 9.9 | D6: 0.25 | E6: 6mm2 Cu | F6: 15 | H6: 25 | I6: 9.9 | J6: 0.5 | K6: 6mm2 | L6: 43 | N6: 25 | O6: 9.9 | P6: 1 | Q6: 6mm2 | R6: 57 | V6: 25 | W6: 9.9 | X6: 0.25 | Y6: 6mm2 Cu | Z6: 52 | AB6: 25 | AC6: 9.9 | AD6: 0.5 | AE6: 6mm2 | AF6: 75 | AH6: 25 | AI6: 9.9 | AJ6: 1 | AK6: 6mm2 | AL6: 78
E7: 10mm2 Cu | F7: 25 | K7: 10mm2 Cu | L7: 73 | Q7: 10mm2 Cu | R7: 95 | Y7: 10mm2 Cu | Z7: 86 | AE7: 10mm2 Cu | AF7: 127 | AK7: 10mm2 Cu | AL7: 132
E8: 25mm2 Al | F8: 38 | K8: 25mm2 Al | L8: 110 | Q8: 25mm2 Al | R8: 145 | Y8: 25mm2 Al | Z8: 132 | AE8: 25mm2 Al | AF8: 199 | AK8: 25mm2 Al | AL8: 199
E9: 50mm2 Al | F9: 69 | K9: 50mm2 Al | L9: 204 | Q9: 50mm2 Al | R9: 270 | Y9: 50mm2 Al | Z9: 241 | AE9: 50mm2 Al | AF9: 368 | AK9: 50mm2 Al | AL9: 368
H11: 32 | I11: 9.9 | J11: 0.5 | K11: 10mm2 Cu | L11: 44 | N11: 32 | O11: 9.9 | P11: 1 | Q11: 10mm2 Cu | R11: 67 | AB11: 32 | AC11: 9.9 | AD11: 0.5 | AE11: 10mm2 Cu | AF11: 73 | AH11: 32 | AI11: 9.9 | AJ11: 1 | AK11: 10mm2 Cu | AL11: 67
K12: 25mm2 Al | L12: 66 | Q12: 25mm2 Al | R12: 101 | AE12: 25mm2 Al | AF12: 111 | AK12: 25mm2 Al | AL12: 111
K13: 50mm2 Al | L13: 123 | Q13: 50mm2 Al | R13: 189 | AE13: 50mm2 Al | AF13: 205 | AK13: 50mm2 Al | AL13: 205
H15: 40 | I15: 9.9 | J15: 0.5 | K15: 16mm2 Cu | L15: 45 | AB15: 40 | AC15: 9.9 | AD15: 0.5 | AE15: 16mm2 Cu | AF15: 67
K16: 25mm2 Al | L16: 43 | N16: 40 | O16: 9.9 | P16: 1 | Q16: 16mm2 Cu | R16: 83 | AE16: 25mm2 Al | AF16: 64 | AH16: 40 | AI16: 9.9 | AJ16: 1 | AK16: 16mm2 Cu | AL16: 67
K17: 50mm2 Al | L17: 80 | Q17: 25mm2 Al | R17: 79 | AE17: 50mm2 Al | AF17: 118 | AK17: 25mm2 Al | AL17: 64
Q18: 50mm2 Al | R18: 147 | AK18: 50mm2 Al | AL18: 118
H19: 63 | I19: 9.9 | J19: 0.5 | K19: 95mm2 Al | L19: 12 | AB19: 50 | AC19: 9.9 | AD19: 0.5 | AE19: 50mm2 Al | AF19: 26
N20: 63 | O20: 9.9 | P20: 1 | Q20: 50mm2 Al | R20: 75 | AH20: 50 | AI20: 9.9 | AJ20: 1 | AK20: 50mm2 Al | AL20: 26
N22: 80 | O22: 9.9 | P22: 1 | Q22: 95mm2 Al | R22: 136
V23: Vern (A) | W23: Ikpmaks (kA) | X23: Ikpmin (kA) | Y23: Tversnitt | Z23: Kabellengde (m) | AB23: Vern (A) | AC23: Ikpmaks (kA) | AD23: Ikpmin (kA) | AE23: Tversnitt | AF23: Kabellengde (m) | AH23: Vern (A) | AI23: Ikpmaks (kA) | AJ23: Ikpmin (kA) | AK23: Tversnitt | AL23: Kabellengde (m)
B25: Vern (A) | C25: Ikpmaks (kA) | D25: Ikpmin (kA) | E25: Tversnitt | F25: Kabellengde (m) | H25: Vern (A) | I25: Ikpmaks (kA) | J25: Ikpmin (kA) | K25: Tversnitt | L25: Kabellengde (m) | N25: Vern (A) | O25: Ikpmaks (kA) | P25: Ikpmin (kA) | Q25: Tversnitt | R25: Kabellengde (m) | V25: 25 | W25: 9.9 | X25: 2 | Y25: 6mm2 Cu | Z25: 78 | AB25: 25 | AC25: 9.9 | AD25: 5 | AE25: 6mm2 | AF25: 78 | AH25: 25 | AI25: 9.9 | AJ25: 8.5 | AK25: 6mm2 | AL25: 63
Y26: 10mm2 Cu | Z26: 132 | AE26: 10mm2 Cu | AF26: 132 | AK26: 10mm2 Cu | AL26: 105
B27: 25 | C27: 9.9 | D27: 2 | E27: 6mm2 Cu | F27: 63 | H27: 25 | I27: 9.9 | J27: 5 | K27: 6mm2 | L27: 63 | N27: 25 | O27: 9.9 | P27: 8.5 | Q27: 6mm2 | R27: 63 | Y27: 25mm2 Al | Z27: 199 | AE27: 25mm2 Al | AF27: 199 | AK27: 25mm2 Al | AL27: 158
E28: 10mm2 Cu | F28: 104 | K28: 10mm2 Cu | L28: 105 | Q28: 10mm2 Cu | R28: 105 | Y28: 50mm2 Al | Z28: 368 | AE28: 50mm2 Al | AF28: 368 | AK28: 50mm2 Al | AL28: 289
E29: 25mm2 Al | F29: 158 | K29: 25mm2 Al | L29: 158 | Q29: 25mm2 Al | R29: 158
E30: 50mm2 Al | F30: 285 | K30: 50mm2 Al | L30: 288 | Q30: 50mm2 Al | R30: 288 | V30: 32 | W30: 9.9 | X30: 2 | Y30: 10mm2 Cu | Z30: 67 | AB30: 32 | AC30: 9.9 | AD30: 5 | AE30: 10mm2 Cu | AF30: 73 | AH30: 32 | AI30: 9.9 | AJ30: 8.5 | AK30: 10mm2 Cu | AL30: 82
Y31: 25mm2 Al | Z31: 111 | AE31: 25mm2 Al | AF31: 111 | AK31: 25mm2 Al | AL31: 124
B32: 32 | C32: 9.9 | D32: 2 | E32: 10mm2 Cu | F32: 78 | H32: 32 | I32: 9.9 | J32: 5 | K32: 10mm2 Cu | L32: 82 | N32: 32 | O32: 9.9 | P32: 8.5 | Q32: 10mm2 Cu | R32: 82 | Y32: 50mm2 Al | Z32: 205 | AE32: 50mm2 Al | AF32: 205 | AK32: 50mm2 Al | AL32: 226
E33: 25mm2 Al | F33: 119 | K33: 25mm2 Al | L33: 123 | Q33: 25mm2 Al | R33: 123
E34: 50mm2 Al | F34: 221 | K34: 50mm2 Al | L34: 226 | Q34: 50mm2 Al | R34: 226
V35: 40 | W35: 9.9 | X35: 2 | Y35: 16mm2 Cu | Z35: 67 | AB35: 40 | AC35: 9.9 | AD35: 5 | AE35: 16mm2 Cu | AF35: 67 | AH35: 40 | AI35: 9.9 | AJ35: 8.5 | AK35: 16mm2 Cu | AL35: 103
Y36: 25mm2 Al | Z36: 64 | AE36: 25mm2 Al | AF36: 64 | AK36: 25mm2 Al | AL36: 99
B37: 40 | C37: 9.9 | D37: 2 | E37: 16mm2 Cu | F37: 101 | H37: 40 | I37: 9.9 | J37: 5 | K37: 16mm2 Cu | L37: 103 | N37: 40 | O37: 9.9 | P37: 8.5 | Q37: 16mm2 Cu | R37: 103 | Y37: 50mm2 Al | Z37: 118 | AE37: 50mm2 Al | AF37: 118 | AK37: 50mm2 Al | AL37: 180
E38: 25mm2 Al | F38: 96 | K38: 25mm2 Al | L38: 99 | Q38: 25mm2 Al | R38: 99
E39: 50mm2 Al | F39: 179 | K39: 50mm2 Al | L39: 180 | Q39: 50mm2 Al | R39: 180 | V39: 50 | W39: 9.9 | X39: 2 | Y39: 50mm2 Al | Z39: 26 | AB39: 50 | AC39: 9.9 | AD39: 5 | AE39: 50mm2 Al | AF39: 26 | AH39: 50 | AI39: 9.9 | AJ39: 8.5 | AK39: 50mm2 Al | AL39: 26
B41: 63 | C41: 9.9 | D41: 2 | E41: 50mm2 Al | F41: 108 | H41: 63 | I41: 9.9 | J41: 5 | K41: 50mm2 Al | L41: 114 | N41: 63 | O41: 9.9 | P41: 8.5 | Q41: 50mm2 Al | R41: 114
B43: 80 | C43: 9.9 | D43: 2 | E43: 95mm2 Al | F43: 170 | H43: 80 | I43: 9.9 | J43: 5 | K43: 95mm2 Al | L43: 170 | N43: 80 | O43: 9.9 | P43: 8.5 | Q43: 50mm2 Al | R43: 171
A47: Oversikt IT-anlegg 230V | C47: Kortslutningstrømmer: | D47: Ikpmaks | E47: Ikpmin | U47: Oversikt TN-anlegg 400V | W47: Kortslutningstrømmer: | X47: Ikpmaks | Y47: Ikpmin
A48: vern i H.F for hovedkabler | D48: 9,9kA | E48: 0,25-8,5kA | U48: Vern for stigere til Ice U.F | X48: 9,9kA | Y48: 0,25-8,5kA
A49: Eaton elementautomat | U49: Eaton elementautomat
B50: Vern (A) | C50: Ikpmaks (kA) | D50: Ikpmin (kA) | E50: Tversnitt | F50: Kabellengde (m) | H50: Vern (A) | I50: Ikpmaks (kA) | J50: Ikpmin (kA) | K50: Tversnitt | L50: Kabellengde (m) | N50: Vern (A) | O50: Ikpmaks (kA) | P50: Ikpmin (kA) | Q50: Tversnitt | R50: Kabellengde (m) | V50: Vern (A) | W50: Ikpmaks (kA) | X50: Ikpmin (kA) | Y50: Tversnitt | Z50: Kabellengde (m) | AB50: Vern (A) | AC50: Ikpmaks (kA) | AD50: Ikpmin (kA) | AE50: Tversnitt | AF50: Kabellengde (m) | AH50: Vern (A) | AI50: Ikpmaks (kA) | AJ50: Ikpmin (kA) | AK50: Tversnitt | AL50: Kabellengde (m)
B52: 25 | C52: 9.9 | D52: 0.25 | E52: 6mm2 Cu | F52: 58 | H52: 25 | I52: 9.9 | J52: 0.5 | K52: 6mm2 | L52: 62 | N52: 25 | O52: 9.9 | P52: 1 | Q52: 6mm2 | R52: 62 | V52: 25 | W52: 9.9 | X52: 0.25 | Y52: 6mm2 Cu | Z52: 108 | AB52: 25 | AC52: 9.9 | AD52: 0.5 | AE52: 6mm2 | AF52: 108 | AH52: 25 | AI52: 9.9 | AJ52: 1 | AK52: 6mm2 | AL52: 108
E53: 10mm2 Cu | F53: 98 | K53: 10mm2 Cu | L53: 104 | Q53: 10mm2 Cu | R53: 104 | Y53: 10mm2 Cu | Z53: 170 | AE53: 10mm2 Cu | AF53: 180 | AK53: 10mm2 Cu | AL53: 183
E54: 25mm2 Al | F54: 145 | K54: 25mm2 Al | L54: 155 | Q54: 25mm2 Al | R54: 155 | Y54: 25mm2 Al | Z54: 270 | AE54: 25mm2 Al | AF54: 270 | AK54: 25mm2 Al | AL54: 275
E55: 50mm2 Al | F55: 260 | K55: 50mm2 Al | L55: 280 | Q55: 50mm2 Al | R55: 286 | Y55: 50mm2 Al | Z55: 475 | AE55: 50mm2 Al | AF55: 490 | AK55: 50mm2 Al | AL55: 490
B57: 32 | C57: 9.9 | D57: 0.25 | E57: 10mm2 Cu | F57: 55 | H57: 32 | I57: 9.9 | J57: 0.5 | K57: 10mm2 Cu | L57: 82 | N57: 32 | O57: 9.9 | P57: 1 | Q57: 10mm2 Cu | R57: 80 | V57: 32 | W57: 9.9 | X57: 0.5 | Y57: 10mm2 Cu | Z57: 142 | AB57: 32 | AC57: 9.9 | AD57: 0.5 | AE57: 10mm2 Cu | AF57: 142 | AH57: 32 | AI57: 9.9 | AJ57: 1 | AK57: 10mm2 Cu | AL57: 142
E58: 25mm2 Al | F58: 82 | K58: 25mm2 Al | L58: 118 | Q58: 25mm2 Al | R58: 120 | Y58: 25mm2 Al | Z58: 210 | AE58: 25mm2 Al | AF58: 210 | AK58: 25mm2 Al | AL58: 214
E59: 50mm2 Al | F59: 150 | K59: 50mm2 Al | L59: 209 | Q59: 50mm2 Al | R59: 215 | Y59: 50mm2 Al | Z59: 380 | AE59: 50mm2 Al | AF59: 390 | AK59: 50mm2 Al | AL59: 390
B61: 40 | C61: 9.9 | D61: 0.25 | E61: 16mm2 Cu | F61: 37 | H61: 40 | I61: 9.9 | J61: 0.5 | K61: 16mm2 Cu | L61: 98 | N61: 40 | O61: 9.9 | P61: 1 | Q61: 16mm2 Cu | R61: 101 | V61: 40 | W61: 9.9 | X61: 0.5 | Y61: 16mm2 Cu | Z61: 135 | AB61: 40 | AC61: 9.9 | AD61: 0.5 | AE61: 16mm2 Cu | AF61: 178 | AH61: 40 | AI61: 9.9 | AJ61: 1 | AK61: 16mm2 Cu | AL61: 178
E62: 25mm2 Al | F62: 37 | K62: 25mm2 Al | L62: 97 | Q62: 25mm2 Al | R62: 97 | Y62: 25mm2 Al | Z62: 125 | AE62: 25mm2 Al | AF62: 170 | AK62: 25mm2 Al | AL62: 170
E63: 50mm2 Al | F63: 68 | K63: 50mm2 Al | L63: 175 | Q63: 50mm2 Al | R63: 175 | Y63: 50mm2 Al | Z63: 240 | AE63: 50mm2 Al | AF63: 306 | AK63: 50mm2 Al | AL63: 306
H65: 63 | I65: 9.9 | J65: 0.5 | K65: 50mm2 Al | L65: 80 | N65: 63 | O65: 9.9 | P65: 1 | Q65: 50mm2 Al | R65: 110 | AB65: 50 | AC65: 9.9 | AD65: 0.5 | AE65: 25mm2 Al | AF65: 125 | AH65: 50 | AI65: 9.9 | AJ65: 1 | AK65: 25mm2 Al | AL65: 125
AE66: 50mm2 Al | AF66: 232 | AK66: 50mm2 Al | AL66: 232
AB68: 63 | AC68: 9.9 | AD68: 0.5 | AE68: 50mm2 Al | AF68: 118 | AH68: 63 | AI68: 9.9 | AJ68: 1 | AK68: 50mm2 Al | AL68: 118
B69: Vern (A) | C69: Ikpmaks (kA) | D69: Ikpmin (kA) | E69: Tversnitt | F69: Kabellengde (m) | H69: Vern (A) | I69: Ikpmaks (kA) | J69: Ikpmin (kA) | K69: Tversnitt | L69: Kabellengde (m) | N69: Vern (A) | O69: Ikpmaks (kA) | P69: Ikpmin (kA) | Q69: Tversnitt | R69: Kabellengde (m)
B71: 25 | C71: 9.9 | D71: 2 | E71: 6mm2 Cu | F71: 63 | H71: 25 | I71: 9.9 | J71: 5 | K71: 6mm2 | L71: 63 | N71: 25 | O71: 9.9 | P71: 8.5 | Q71: 6mm2 | R71: 63
E72: 10mm2 Cu | F72: 104 | K72: 10mm2 Cu | L72: 104 | Q72: 10mm2 Cu | R72: 104 | V72: Vern (A) | W72: Ikpmaks (kA) | X72: Ikpmin (kA) | Y72: Tversnitt | Z72: Kabellengde (m) | AB72: Vern (A) | AC72: Ikpmaks (kA) | AD72: Ikpmin (kA) | AE72: Tversnitt | AF72: Kabellengde (m) | AH72: Vern (A) | AI72: Ikpmaks (kA) | AJ72: Ikpmin (kA) | AK72: Tversnitt | AL72: Kabellengde (m)
E73: 25mm2 Al | F73: 158 | K73: 25mm2 Al | L73: 158 | Q73: 25mm2 Al | R73: 158
E74: 50mm2 Al | F74: 286 | K74: 50mm2 Al | L74: 286 | Q74: 50mm2 Al | R74: 286 | V74: 25 | W74: 9.9 | X74: 2 | Y74: 6mm2 Cu | Z74: 108 | AB74: 25 | AC74: 9.9 | AD74: 5 | AE74: 6mm2 | AF74: 108 | AH74: 25 | AI74: 9.9 | AJ74: 8.5 | AK74: 6mm2 | AL74: 108
Y75: 10mm2 Cu | Z75: 180 | AE75: 10mm2 Cu | AF75: 180 | AK75: 10mm2 Cu | AL75: 180
B76: 32 | C76: 9.9 | D76: 2 | E76: 10mm2 Cu | F76: 81 | H76: 32 | I76: 9.9 | J76: 5 | K76: 10mm2 Cu | L76: 81 | N76: 32 | O76: 9.9 | P76: 8.5 | Q76: 10mm2 Cu | R76: 81 | Y76: 25mm2 Al | Z76: 275 | AE76: 25mm2 Al | AF76: 275 | AK76: 25mm2 Al | AL76: 275
E77: 25mm2 Al | F77: 122 | K77: 25mm2 Al | L77: 122 | Q77: 25mm2 Al | R77: 122 | Y77: 50mm2 Al | Z77: 490 | AE77: 50mm2 Al | AF77: 490 | AK77: 50mm2 Al | AL77: 490
E78: 50mm2 Al | F78: 223 | K78: 50mm2 Al | L78: 226 | Q78: 50mm2 Al | R78: 226
V79: 32 | W79: 9.9 | X79: 2 | Y79: 10mm2 Cu | Z79: 142 | AB79: 32 | AC79: 9.9 | AD79: 5 | AE79: 10mm2 Cu | AF79: 142 | AH79: 32 | AI79: 9.9 | AJ79: 8.5 | AK79: 10mm2 Cu | AL79: 142
Y80: 25mm2 Al | Z80: 214 | AE80: 25mm2 Al | AF80: 214 | AK80: 25mm2 Al | AL80: 214
B81: 40 | C81: 9.9 | D81: 2 | E81: 16mm2 Cu | F81: 103 | H81: 40 | I81: 9.9 | J81: 5 | K81: 16mm2 Cu | L81: 103 | N81: 40 | O81: 9.9 | P81: 8.5 | Q81: 16mm2 Cu | R81: 103 | Y81: 50mm2 Al | Z81: 390 | AE81: 50mm2 Al | AF81: 390 | AK81: 50mm2 Al | AL81: 390
E82: 25mm2 Al | F82: 97 | K82: 25mm2 Al | L82: 97 | Q82: 25mm2 Al | R82: 97
E83: 50mm2 Al | F83: 179 | K83: 50mm2 Al | L83: 179 | Q83: 50mm2 Al | R83: 179 | V83: 40 | W83: 9.9 | X83: 2 | Y83: 16mm2 Cu | Z83: 178 | AB83: 40 | AC83: 9.9 | AD83: 5 | AE83: 16mm2 Cu | AF83: 178 | AH83: 40 | AI83: 9.9 | AJ83: 8.5 | AK83: 16mm2 Cu | AL83: 178
Y84: 25mm2 Al | Z84: 172 | AE84: 25mm2 Al | AF84: 172 | AK84: 25mm2 Al | AL84: 172
B85: 63 | C85: 9.9 | D85: 2 | E85: 50mm2 Al | F85: 113 | H85: 63 | I85: 9.9 | J85: 5 | K85: 50mm2 Al | L85: 113 | N85: 63 | O85: 9.9 | P85: 8.5 | Q85: 50mm2 Al | R85: 113 | Y85: 50mm2 Al | Z85: 312 | AE85: 50mm2 Al | AF85: 312 | AK85: 50mm2 Al | AL85: 312
B87: 80 | C87: 9.9 | D87: 2 | E87: 95mm2 Al | F87: 170 | H87: 80 | I87: 9.9 | J87: 5 | K87: 95mm2 Al | L87: 170 | N87: 80 | O87: 9.9 | P87: 8.5 | Q87: 50mm2 Al | R87: 170 | V87: 50 | W87: 9.9 | X87: 2 | Y87: 25mm2 Al | Z87: 126 | AB87: 50 | AC87: 9.9 | AD87: 5 | AE87: 25mm2 Al | AF87: 126 | AH87: 50 | AI87: 9.9 | AJ87: 8.5 | AK87: 25mm2 Al | AL87: 126
Y88: 50mm2 Al | Z88: 232 | AE88: 50mm2 Al | AF88: 232 | AK88: 50mm2 Al | AL88: 232
V90: 63 | W90: 9.9 | X90: 2 | Y90: 50mm2 Al | Z90: 119 | AB90: 63 | AC90: 9.9 | AD90: 5 | AE90: 50mm2 Al | AF90: 119 | AH90: 63 | AI90: 9.9 | AJ90: 8.5 | AK90: 50mm2 Al | AL90: 119
A97: Oversikt IT-anlegg 230V | C97: Kortslutningstrømmer: | D97: Ikpmaks | E97: Ikpmin | U97: Oversikt TN-anlegg 400V | W97: Kortslutningstrømmer: | X97: Ikpmaks | Y97: Ikpmin
A98: Vern for stigere til Ice U.F | D98: 19,9kA | E98: 15kA | U98: Vern for stigere til Ice U.F | X98: 19,9kA | Y98: 15kA
A99: Schneider effektbryter | U99: Schneider effektbryter
B100: Vern (A) | C100: Ikpmaks (kA) | D100: Ikpmin (kA) | E100: Tversnitt | F100: Kabellengde (m) | H100: Vern (A) | I100: Ikpmaks (kA) | J100: Ikpmin (kA) | K100: Tversnitt | L100: Kabellengde (m) | V100: Vern (A) | W100: Ikpmaks (kA) | X100: Ikpmin (kA) | Y100: Tversnitt | Z100: Kabellengde (m) | AB100: Vern (A) | AC100: Ikpmaks (kA) | AD100: Ikpmin (kA) | AE100: Tversnitt | AF100: Kabellengde (m)
B102: 25 | C102: 19.9 | D102: 10 | E102: 6mm2 | F102: 63 | H102: 25 | I102: 19.9 | J102: 15 | K102: 6mm2 | L102: 63 | V102: 25 | W102: 19.9 | X102: 10 | Y102: 6mm2 | Z102: 109 | AB102: 25 | AC102: 19.9 | AD102: 15 | AE102: 6mm2 | AF102: 109
E103: 10mm2 Cu | F103: 105 | K103: 10mm2 Cu | L103: 105 | Y103: 10mm2 Cu | Z103: 181 | AE103: 10mm2 Cu | AF103: 183
E104: 25mm2 Al | F104: 158 | K104: 25mm2 Al | L104: 158 | Y104: 25mm2 Al | Z104: 271 | AE104: 25mm2 Al | AF104: 271
E105: 50mm2 Al | F105: 289 | K105: 50mm2 Al | L105: 289 | Y105: 50mm2 Al | Z105: 490 | AE105: 50mm2 Al | AF105: 500
B107: 32 | C107: 19.9 | D107: 10 | E107: 10mm2 Cu | F107: 82 | H107: 32 | I107: 19.9 | J107: 15 | K107: 10mm2 Cu | L107: 82 | V107: 32 | W107: 19.9 | X107: 10 | Y107: 10mm2 Cu | Z107: 140 | AB107: 32 | AC107: 19.9 | AD107: 15 | AE107: 10mm2 Cu | AF107: 140
E108: 25mm2 Al | F108: 124 | K108: 25mm2 Al | L108: 124 | Y108: 25mm2 Al | Z108: 214 | AE108: 25mm2 Al | AF108: 215
E109: 50mm2 Al | F109: 226 | K109: 50mm2 Al | L109: 226 | Y109: 50mm2 Al | Z109: 390 | AE109: 50mm2 Al | AF109: 390
B111: 40 | C111: 19.9 | D111: 10 | E111: 25mm2 Cu | F111: 160 | H111: 40 | I111: 19.9 | J111: 15 | K111: 16mm2 Cu | L111: 160 | V111: 40 | W111: 19.9 | X111: 10 | Y111: 25mm2 Cu | Z111: 179 | AB111: 40 | AC111: 19.9 | AD111: 15 | AE111: 16mm2 Cu | AF111: 180
E112: 25mm2 Al | F112: 99 | K112: 25mm2 Al | L112: 99 | Y112: 25mm2 Al | Z112: 170 | AE112: 25mm2 Al | AF112: 172
E113: 50mm2 Al | F113: 180 | K113: 50mm2 Al | L113: 180 | Y113: 50mm2 Al | Z113: 310 | AE113: 50mm2 Al | AF113: 314
B115: 63 | C115: 19.9 | D115: 10 | E115: 50mm2 Al | F115: 114 | H115: 63 | I115: 19.9 | J115: 15 | K115: 50mm2 Al | L115: 114 | V115: 63 | W115: 19.9 | X115: 10 | Y115: 50mm2 Al | Z115: 195 | AB115: 63 | AC115: 19.9 | AD115: 15 | AE115: 50mm2 Al | AF115: 199
B117: 80 | C117: 19.9 | D117: 10 | E117: 95mm2 Al | F117: 169 | H117: 80 | I117: 19.9 | J117: 15 | K117: 95mm2 Al | L117: 169 | V117: 80 | W117: 19.9 | X117: 10 | Y117: 95mm2 Al | Z117: 290 | AB117: 80 | AC117: 19.9 | AD117: 15 | AE117: 95mm2 Al | AF117: 297

Sheet Beregning kabler
A1: Maks kabellengder beregnet i FEBDOK og manuelt korrigert for I5=14 (Schneider IC60H_C) | G1: ='Effektkalkulator ice'!A21 -> Modellsite ice: LARGE (sitenivå) | H1: Antall sektorer | J1: Modellsite | K1: Sektor 1 | L1: Sektor 2 | M1: Sektor 3 | N1: Sektor 4 | O1: Sum sektorer | X1: Maks kabellengder beregnet i FEBDOK og manuelt korrigert for I5=14 (Schneider IC60H_C)
B2: RRH | C2: Vern | D2: kabel | E2: Max lengde mtp Ik og spenning | G2: ='Effektkalkulator ice'!A22 -> Small | H2: ='Effektkalkulator ice'!B22 -> 0 | J2: Small | K2: =H31 -> 0 | L2: =K31 -> 0 | M2: =N31 -> 0 | N2: =Q31 -> 0 | O2: =SUM($H$2:$H$4) -> 3 | Y2: RRH | Z2: Vern | AA2: kabel | AB2: Max lengde mtp Ik og spenning | AC2: Spenning v/last
A3: Alternativ 4 2*190Ah Ik=7250A | B3: AQQY N35 | C3: 25 | D3: 6 | E3: 0 | G3: ='Effektkalkulator ice'!A23 -> Medium | H3: ='Effektkalkulator ice'!B23 -> 0 | J3: Medium | K3: =I34 -> 0 | L3: =L34 -> 0 | M3: =O34 -> 0 | N3: =R34 -> 0 | X3: Alternativ 4 2*190Ah Ik=7250A | Y3: AQQY N35 | Z3: 25 | AA3: 4 | AB3: 15 | AC3: 38
D4: 6 | E4: 24 | G4: ='Effektkalkulator ice'!A24 -> Large | H4: ='Effektkalkulator ice'!B24 -> 3 | J4: Large | K4: =J37 -> 3 | L4: =M37 -> 3 | M4: =P37 -> 3 | N4: =S37 -> 0 | AA4: 6 | AB4: 22.5 | AC4: 38
D5: 10 | E5: 41 | G5: ='Effektkalkulator ice'!A25 -> Antall sektorer 450Mhz | H5: ='Effektkalkulator ice'!$B$25 -> 0 | J5: Sum | K5: =SUM(K2:K4) -> 3 | L5: =SUM(L2:L4) -> 3 | M5: =SUM(M2:M4) -> 3 | N5: =SUM(N2:N4) -> 0 | AA5: 10 | AB5: 38 | AC5: 38
D6: 16 | E6: 65 | AA6: 16 | AB6: 60 | AC6: 38
D7: 25 | E7: 103 | G7: ='Effektkalkulator ice'!A69 -> Sektor | H7: ='Effektkalkulator ice'!B69 -> Lengde | I7: ='Effektkalkulator ice'!C69 -> Tverrsnitt kabel | J7: Felles 380V DC | K7: Sektor # | L7: Flagg | M7: ='Effektkalkulator ice'!E69 -> Kommentar | AA7: 25 | AB7: 96 | AC7: 38
D8: 35 | E8: 143 | G8: =IF(L8=1,"Lengde sektor 1 - Lavbånd RRH (7/8/9)",0) -> Lengde sektor 1 - Lavbånd RRH (7/8/9) | H8: ='Effektkalkulator ice'!B70 -> 28 | I8: =IF($H$8<=$E$24,$D$24,IF($H$8<=$E$25,$D$25,IF($H$8<=$E$26,$D$26,IF($H$8<=$E$27,$D$27,IF($H$8<=$E$28,$D$28,IF($H$8<=$E$29,$D$29,IF($H$8<=$E$30,$D$30,"380V DC"))))))) -> 10 | J8: =IF(OR(I8="380V DC",I9="380V DC",I10="380V DC"),"380V DC",0) -> 0 | K8: 1 | L8: =IF(AND($K$5>=1,$K$5<=6),1,0) -> 1 | M8: ='Effektkalkulator ice'!E70 | Y8: AZHN | Z8: 25 | AA8: 4 | AB8: 13.5 | AC8: 38.1
D9: 50 | E9: 150 | G9: =IF(L9=1,"Lengde sektor 1 - Mid-band RRH (18/21)",0) -> Lengde sektor 1 - Mid-band RRH (18/21) | H9: ='Effektkalkulator ice'!B71 -> 28 | I9: =IF($H$9<=$E$31,$D$31,IF($H$9<=$E$32,$D$32,IF($H$9<=$E$33,$D$33,IF($H$9<=$E$34,$D$34,IF($H$9<=$E$35,$D$35,IF($H$9<=$E$36,$D$36,IF($H$9<=$E$37,$D$37,"380V DC"))))))) -> 10 | K9: 1 | L9: =IF(OR($K$5=2,$K$5=3,$K$5=5),1,0) -> 1 | AA9: 6 | AB9: 20.5 | AC9: 38
B10: AZHN | C10: 25 | D10: 6 | E10: 0 | G10: =IF(L10=1,"Lengde sektor 1 - High-band (N35)",0) -> Lengde sektor 1 - High-band (N35) | H10: ='Effektkalkulator ice'!B72 -> 32 | I10: =IF($H$10<=$E$3,$D$3,IF($H$10<=$E$4,$D$4,IF($H$10<=$E$5,$D$5,IF($H$10<=$E$6,$D$6,IF($H$10<=$E$7,$D$7,IF($H$10<=$E$8,$D$8,IF($H$10<=$E$9,$D$9,"380V DC"))))))) -> 10 | K10: 1 | L10: =IF(OR($K$5=3,$K$5=5),1,0) -> 1 | AA10: 10 | AB10: 35 | AC10: 38
D11: 6 | E11: 24 | G11: =IF(L11=1,"Lengde sektor 2 - Lavbånd RRH (7/8/9)",0) -> Lengde sektor 2 - Lavbånd RRH (7/8/9) | H11: ='Effektkalkulator ice'!B73 -> 53 | I11: =IF($H$11<=$E$24,$D$24,IF($H$11<=$E$25,$D$25,IF($H$11<=$E$26,$D$26,IF($H$11<=$E$27,$D$27,IF($H$11<=$E$28,$D$28,IF($H$11<=$E$29,$D$29,IF($H$11<=$E$30,$D$30,"380V DC"))))))) -> 16 | J11: =IF(OR(I11="380V DC",I12="380V DC",I13="380V DC"),"380V DC",0) -> 0 | K11: 2 | L11: =IF(AND($L$5>=1,$L$5<=6),1,0) -> 1 | M11: ='Effektkalkulator ice'!E73 | AA11: 16 | AB11: 55 | AC11: 38
D12: 10 | E12: 35 | G12: =IF(L12=1,"Lengde sektor 2 - Mid-band RRH (18/21)",0) -> Lengde sektor 2 - Mid-band RRH (18/21) | H12: ='Effektkalkulator ice'!B74 -> 53 | I12: =IF($H$12<=$E$31,$D$31,IF($H$12<=$E$32,$D$32,IF($H$12<=$E$33,$D$33,IF($H$12<=$E$34,$D$34,IF($H$12<=$E$35,$D$35,IF($H$12<=$E$36,$D$36,IF($H$12<=$E$37,$D$37,"380V DC"))))))) -> 16 | K12: 2 | L12: =IF(OR($L$5=2,$L$5=3,$L$5=5),1,0) -> 1 | AA12: 25 | AB12: 88 | AC12: 38
D13: 16 | E13: 56 | G13: =IF(L13=1,"Lengde sektor 2 - High-band (N35)",0) -> Lengde sektor 2 - High-band (N35) | H13: ='Effektkalkulator ice'!B75 -> 57 | I13: =IF($H$13<=$E$3,$D$3,IF($H$13<=$E$4,$D$4,IF($H$13<=$E$5,$D$5,IF($H$13<=$E$6,$D$6,IF($H$13<=$E$7,$D$7,IF($H$13<=$E$8,$D$8,IF($H$13<=$E$9,$D$9,"380V DC"))))))) -> 16 | K13: 2 | L13: =IF(OR($L$5=3,$L$5=5),1,0) -> 1 | Y13: AZQS | Z13: 25 | AA13: 4 | AB13: 14.5 | AC13: 38.1
D14: 25 | E14: 88 | G14: =IF(L14=1,"Lengde sektor 3 - Lavbånd RRH (7/8/9)",0) -> Lengde sektor 3 - Lavbånd RRH (7/8/9) | H14: ='Effektkalkulator ice'!B76 -> 28 | I14: =IF($H$14<=$E$24,$D$24,IF($H$14<=$E$25,$D$25,IF($H$14<=$E$26,$D$26,IF($H$14<=$E$27,$D$27,IF($H$14<=$E$28,$D$28,IF($H$14<=$E$29,$D$29,IF($H$14<=$E$30,$D$30,"380V DC"))))))) -> 10 | J14: =IF(OR(I14="380V DC",I15="380V DC",I16="380V DC"),"380V DC",0) -> 0 | K14: 3 | L14: =IF(AND($M$5>=1,$M$5<=6),1,0) -> 1 | M14: ='Effektkalkulator ice'!E76 | AA14: 6 | AB14: 22 | AC14: 38
D15: 35 | E15: 123 | G15: =IF(L15=1,"Lengde sektor 3 - Mid-band RRH (18/21)",0) -> Lengde sektor 3 - Mid-band RRH (18/21) | H15: ='Effektkalkulator ice'!B77 -> 28 | I15: =IF($H$15<=$E$31,$D$31,IF($H$15<=$E$32,$D$32,IF($H$15<=$E$33,$D$33,IF($H$15<=$E$34,$D$34,IF($H$15<=$E$35,$D$35,IF($H$15<=$E$36,$D$36,IF($H$15<=$E$37,$D$37,"380V DC"))))))) -> 10 | K15: 3 | L15: =IF(OR($M$5=2,$M$5=3,$M$5=5),1,0) -> 1 | AA15: 10 | AB15: 37 | AC15: 38
D16: 50 | E16: 150 | G16: =IF(L16=1,"Lengde sektor 3 - High-band (N35)",0) -> Lengde sektor 3 - High-band (N35) | H16: ='Effektkalkulator ice'!B78 -> 32 | I16: =IF($H$16<=$E$3,$D$3,IF($H$16<=$E$4,$D$4,IF($H$16<=$E$5,$D$5,IF($H$16<=$E$6,$D$6,IF($H$16<=$E$7,$D$7,IF($H$16<=$E$8,$D$8,IF($H$16<=$E$9,$D$9,"380V DC"))))))) -> 10 | K16: 3 | L16: =IF(OR($M$5=3,$M$5=5),1,0) -> 1 | AA16: 16 | AB16: 59 | AC16: 38
B17: AZQS | C17: 25 | D17: 6 | E17: 0 | G17: =IF(L17=1,"Lengde sektor 4 - Lavbånd RRH (7/8/9)",0) -> 0 | H17: ='Effektkalkulator ice'!B79 -> 0 | I17: =IF($H$17<=$E$24,$D$24,IF($H$17<=$E$25,$D$25,IF($H$17<=$E$26,$D$26,IF($H$17<=$E$27,$D$27,IF($H$17<=$E$28,$D$28,IF($H$17<=$E$29,$D$29,IF($H$17<=$E$30,$D$30,"380V DC"))))))) -> 6 | J17: =IF(OR(I17="380V DC",I18="380V DC",I19="380V DC"),"380V DC",0) -> 0 | K17: 4 | L17: =IF(AND($N$5>=1,$N$5<=6),1,0) -> 0 | M17: ='Effektkalkulator ice'!E79 | AA17: 25 | AB17: 94 | AC17: 38
D18: 6 | E18: 22 | G18: =IF(L18=1,"Lengde sektor 4 - Mid-band RRH (18/21)",0) -> 0 | H18: ='Effektkalkulator ice'!B80 -> 0 | I18: =IF($H$18<=$E$31,$D$31,IF($H$18<=$E$32,$D$32,IF($H$18<=$E$33,$D$33,IF($H$18<=$E$34,$D$34,IF($H$18<=$E$35,$D$35,IF($H$18<=$E$36,$D$36,IF($H$18<=$E$37,$D$37,"380V DC"))))))) -> 6 | K18: 4 | L18: =IF(OR($N$5=2,$N$5=3,$N$5=5),1,0) -> 0 | Y18: AHPMDB | Z18: 25 | AA18: 4 | AB18: 13.5 | AC18: 38
D19: 10 | E19: 37 | G19: =IF(L19=1,"Lengde sektor 4 - High-band (N35)",0) -> 0 | H19: ='Effektkalkulator ice'!B81 -> 0 | I19: =IF($H$19<=$E$3,$D$3,IF($H$19<=$E$4,$D$4,IF($H$19<=$E$5,$D$5,IF($H$19<=$E$6,$D$6,IF($H$19<=$E$7,$D$7,IF($H$19<=$E$8,$D$8,IF($H$19<=$E$9,$D$9,"380V DC"))))))) -> 6 | K19: 4 | L19: =IF(OR($N$5=3,$N$5=5),1,0) -> 0 | AA19: 6 | AB19: 20.5 | AC19: 38
D20: 16 | E20: 59 | G20: =IF($H$5>=1,"Lengde sektor 1 - 450Mhz",0) -> 0 | H20: ='Effektkalkulator ice'!B82 -> 0 | I20: =IF($H$20<=$E$45,$D$45,IF($H$20<=$E$46,$D$46,IF($H$20<=$E$47,$D$47,IF($H$20<=$E$48,$D$48,IF($H$20<=$E$49,$D$49,IF($H$20<=$E$50,$D$50,IF($H$20<=$E$51,$D$51,"380V DC"))))))) -> 6 | J20: =IF(OR(I20="380V DC",I21="380V DC",I22="380V DC",I23="380V DC"),"380V DC",0) -> 0 | AA20: 10 | AB20: 34 | AC20: 38
D21: 25 | E21: 94 | G21: =IF($H$5>=2,"Lengde sektor 2 - 450Mhz",0) -> 0 | H21: ='Effektkalkulator ice'!B83 -> 0 | I21: =IF($H$21<=$E$45,$D$45,IF($H$21<=$E$46,$D$46,IF($H$21<=$E$47,$D$47,IF($H$21<=$E$48,$D$48,IF($H$21<=$E$49,$D$49,IF($H$21<=$E$50,$D$50,IF($H$21<=$E$51,$D$51,"380V DC"))))))) -> 6 | AA21: 16 | AB21: 55 | AC21: 38
D22: 35 | E22: 120 | G22: =IF($H$5>=3,"Lengde sektor 3 - 450Mhz",0) -> 0 | H22: ='Effektkalkulator ice'!B84 -> 0 | I22: =IF($H$22<=$E$45,$D$45,IF($H$22<=$E$46,$D$46,IF($H$22<=$E$47,$D$47,IF($H$22<=$E$48,$D$48,IF($H$22<=$E$49,$D$49,IF($H$22<=$E$50,$D$50,IF($H$22<=$E$51,$D$51,"380V DC"))))))) -> 6 | AA22: 25 | AB22: 87 | AC22: 38
D23: 50 | E23: 150 | G23: =IF($H$5>=4,"Lengde sektor 4 - 450Mhz",0) -> 0 | H23: ='Effektkalkulator ice'!B85 -> 0 | I23: =IF($H$23<=$E$45,$D$45,IF($H$23<=$E$46,$D$46,IF($H$23<=$E$47,$D$47,IF($H$23<=$E$48,$D$48,IF($H$23<=$E$49,$D$49,IF($H$23<=$E$50,$D$50,IF($H$23<=$E$51,$D$51,"380V DC"))))))) -> 6 | Y23: AHEGB Mid-band | Z23: 32 | AA23: 4 | AB23: 10.5 | AC23: 38
B24: AHPMDJ Lavbånd (endret) | C24: 25 | D24: 6 | E24: 0 | AA24: 6 | AB24: 15.5 | AC24: 38.1
D25: 6 | E25: 24 | AA25: 10 | AB25: 26.5 | AC25: 38
D26: 10 | E26: 41 | AA26: 16 | AB26: 42 | AC26: 38
D27: 16 | E27: 65 | AA27: 25 | AB27: 66 | AC27: 38
D28: 25 | E28: 103 | Y28: AHPMDH Lavbånd | Z28: 25 | AA28: 4 | AB28: 13 | AC28: 38.1
D29: 35 | E29: 143 | H29: Sektor 1 | K29: Sektor 2 | N29: Sektor 3 | Q29: Sektor 4 | AA29: 6 | AB29: 20 | AC29: 38
D30: 50 | E30: 150 | H30: Small | I30: Medium | J30: Large | K30: Small | L30: Medium | M30: Large | N30: Small | O30: Medium | P30: Large | Q30: Small | R30: Medium | S30: Large | AA30: 10 | AB30: 33.5 | AC30: 38
B31: AHEGJ Mid-band | C31: 32 | D31: 6 | E31: 0 | G31: Small | H31: =IF(OR($H$2=1,$H$2=2,$H$2=3,$H$2=4),1,0) -> 0 | K31: =IF(OR($H$2=2,$H$2=3,$H$2=4),1,0) -> 0 | N31: =IF(OR($H$2=3,$H$2=4),1,0) -> 0 | Q31: =IF(OR($H$2=4),1,0) -> 0 | AA31: 16 | AB31: 53 | AC31: 38
D32: 6 | E32: 20 | G32: Small | AA32: 25 | AB32: 85 | AC32: 38
D33: 10 | E33: 33 | G33: Small
D34: 16 | E34: 53 | G34: Medium | I34: =IF(H31=1,0,IF(OR($H$3=1,$H$3=2,$H$3=3,$H$3=4),2,0)) -> 0 | L34: =IF(OR(K31=1,I34=2*H3),0,IF(OR($H$3=1,$H$3=2,$H$3=3,$H$3=4),2,0)) -> 0 | O34: =IF(OR(N31=1,I34+L34=2*H3),0,IF(OR($H$3=1,$H$3=2,$H$3=3,$H$3=4),2,)) -> 0 | R34: =IF(OR(Q31=1,I34+L34+O34=2*H3),0,IF(OR($H$3=1,$H$3=2,$H$3=3,$H$3=4),2,0)) -> 0
D35: 25 | E35: 84 | G35: Medium
D36: 35 | E36: 117 | G36: Medium
D37: 50 | E37: 150 | G37: Large | J37: =IF(OR(H31=1,I34=2),0,IF(OR($H$4=1,$H$4=2,$H$4=3,$H$4=4),3,0)) -> 3 | M37: =IF(OR(K31=1,L34=2,J37=3*H4),0,IF(OR($H$4=1,$H$4=2,$H$4=3,$H$4=4),3,0)) -> 3 | P37: =IF(OR(N31=1,O34=2,J37+M37=3*H4),0,IF(OR($H$4=1,$H$4=2,$H$4=3,$H$4=4),3,0)) -> 3 | S37: =IF(OR(Q31=1,R34=2,J37+M37+P37=3*H4),0,IF(OR($H$4=1,$H$4=2,$H$4=3,$H$4=4),3,0)) -> 0
B38: AHPMDH Lavbånd (utgått) | C38: 25 | D38: 6 | E38: 0 | G38: Large
D39: 6 | E39: 20 | G39: Large
D40: 10 | E40: 33.5 | G40: Sum | H40: =SUM(H31:H39) -> 0 | I40: =SUM(I31:I39) -> 0 | J40: =SUM(J31:J39) -> 3 | K40: =SUM(K31:K39) -> 0 | L40: =SUM(L31:L39) -> 0 | M40: =SUM(M31:M39) -> 3 | N40: =SUM(N31:N39) -> 0 | O40: =SUM(O31:O39) -> 0 | ... S40: =SUM(S31:S39) -> 0
D41: 16 | E41: 53 | G41: Sum 2 | J41: =SUM(H40:J40) -> 3 | M41: =SUM(K40:M40) -> 3 | P41: =SUM(N40:P40) -> 3 | S41: =SUM(Q40:S40) -> 0
D42: 25 | E42: 85
D43: 35 | E43: 120
D44: 50 | E44: 150 | G44: Kontroll
B45: FRAA | C45: 25 | D45: 6 | E45: 0 | G45: =(I8+I11+I14+I17)/(4*I8) -> 1.05
D46: 6 | E46: 27 | G46: =(I9+I12+I15+I18)/(4*I9) -> 1.05
D47: 10 | E47: 46 | G47: =(I10+I13+I16+I19)/(4*I10) -> 1.05
D48: 16 | E48: 73
D49: 25 | E49: 115 | G49: Beregninger gjøres her, og presenteres i "Effektkalkulator ice"
D50: 35 | E50: 160
D51: 50 | E51: 161
A56: Maks kabellengder beregnet i FEBDOK og manuelt korrigert for I5=14 (Schneider IC60H_C)
B57: RRH | C57: Vern | D57: kabel | E57: Max lengde mtp Ik FEBDOK | F57: Spenning v/last | G57: Max lengde justert for DC | H57: Max lengde mtp Ik og spenning | I57: Spenning v/last
A58: Alternativ 4 2*190Ah Ik=7250A | B58: AQQY | C58: 25 | D58: 4 | E58: 22.8 | F58: 35.9 | G58: =(9.6/14)*E58 -> 15.634286 | H58: 15 | I58: 38
D59: 6 | E59: 34.1 | F59: 35.9 | G59: =(9.6/14)*E59 -> 23.382857 | H59: 22.5 | I59: 38
D60: 10 | E60: 57.5 | F60: 35.9 | G60: =(9.6/14)*E60 -> 39.428571 | H60: 38 | I60: 38
D61: 16 | E61: 91.5 | F61: 35.9 | G61: =(9.6/14)*E61 -> 62.742857 | H61: 60 | I61: 38
D62: 25 | E62: 144.8 | F62: 35.9 | G62: =(9.6/14)*E62 -> 99.291429 | H62: 99.3 | I62: 39.2
D63: 35 | E63: 201 | F63: 36.1 | G63: =(9.6/14)*E63 -> 137.82857 | H63: 137.8 | I63: 38
D64: 50 | E64: 272.1 | F64: 36 | G64: =(9.6/14)*E64 -> 186.58286 | H64: 186.6 | I64: 38
B65: AZHN | C65: 25 | D65: 4 | E65: 22.8 | F65: 35.3 | G65: =(9.6/14)*E65 -> 15.634286 | H65: 13.5 | I65: 38.1
D66: 6 | E66: 34.1 | F66: 35.3 | G66: =(9.6/14)*E66 -> 23.382857 | H66: 20.5 | I66: 38
D67: 10 | E67: 57.5 | F67: 35.3 | G67: =(9.6/14)*E67 -> 39.428571 | H67: 35 | I67: 38
D68: 16 | E68: 91.5 | F68: 35.3 | G68: =(9.6/14)*E68 -> 62.742857 | H68: 55 | I68: 38
D69: 25 | E69: 144.8 | F69: 35.2 | G69: =(9.6/14)*E69 -> 99.291429 | H69: 88 | I69: 38
D70: 35 | E70: 201 | F70: 36 | G70: =(9.6/14)*E70 -> 137.82857 | H70: 125 | I70: 38
D71: 50 | E71: 272.1 | F71: 35.4 | G71: =(9.6/14)*E71 -> 186.58286 | H71: 184 | I71: 38
B72: AZQS | C72: 25 | D72: 4 | E72: 22.8 | F72: 35.7 | G72: =(9.6/14)*E72 -> 15.634286 | H72: 14.5 | I72: 38.1
D73: 6 | E73: 34.1 | F73: 35.7 | G73: =(9.6/14)*E73 -> 23.382857 | H73: 22 | I73: 38
D74: 10 | E74: 57.5 | F74: 35.7 | G74: =(9.6/14)*E74 -> 39.428571 | H74: 37 | I74: 38
D75: 16 | E75: 91.5 | F75: 35.7 | G75: =(9.6/14)*E75 -> 62.742857 | H75: 59 | I75: 38
D76: 25 | E76: 144.8 | F76: 35.7 | G76: =(9.6/14)*E76 -> 99.291429 | H76: 94 | I76: 38
D77: 35 | E77: 201 | F77: 36 | G77: =(9.6/14)*E77 -> 137.82857 | H77: 120 | I77: 38
D78: 50 | E78: 272.1 | F78: 35.7 | G78: =(9.6/14)*E78 -> 186.58286 | H78: 184 | I78: 38
B79: AHPMDB | C79: 25 | D79: 4 | E79: 22.8 | F79: 35.2 | G79: =(9.6/14)*E79 -> 15.634286 | H79: 13.5 | I79: 38
D80: 6 | E80: 34.1 | F80: 35.2 | G80: =(9.6/14)*E80 -> 23.382857 | H80: 20.5 | I80: 38
D81: 10 | E81: 57.5 | F81: 35.2 | G81: =(9.6/14)*E81 -> 39.428571 | H81: 34 | I81: 38
D82: 16 | E82: 91.5 | F82: 35.2 | G82: =(9.6/14)*E82 -> 62.742857 | H82: 55 | I82: 38
D83: 25 | E83: 144.8 | F83: 35.2 | G83: =(9.6/14)*E83 -> 99.291429 | H83: 87 | I83: 38
D84: 35 | E84: 201 | F84: 35.3 | G84: =(9.6/14)*E84 -> 137.82857 | H84: 122 | I84: 38
D85: 50 | E85: 272.1 | F85: 35.3 | G85: =(9.6/14)*E85 -> 186.58286 | H85: 166 | I85: 38
B86: AHEGB | C86: 32 | D86: 4 | E86: 17.6 | F86: 35.2 | G86: =(9.6/14)*E86 -> 12.068571 | H86: 10.5 | I86: 38
D87: 6 | E87: 26.4 | F87: 35.2 | G87: =(9.6/14)*E87 -> 18.102857 | H87: 15.5 | I87: 38.1
D88: 10 | E88: 44.4 | F88: 35.2 | G88: =(9.6/14)*E88 -> 30.445714 | H88: 26.5 | I88: 38
D89: 16 | E89: 70.7 | F89: 35.2 | G89: =(9.6/14)*E89 -> 48.48 | H89: 42 | I89: 38
D90: 25 | E90: 111.9 | F90: 35.2 | G90: =(9.6/14)*E90 -> 76.731429 | H90: 66 | I90: 38
D91: 35 | E91: 155.2 | F91: 35.2 | G91: =(9.6/14)*E91 -> 106.42286 | H91: 93 | I91: 38
D92: 50 | E92: 210.2 | F92: 35.5 | G92: =(9.6/14)*E92 -> 144.13714 | H92: 126 | I92: 38
B93: AHPMDH | C93: 25 | D93: 4 | E93: 22.8 | F93: 35 | G93: =(9.6/14)*E93 -> 15.634286 | H93: 13 | I93: 38.1
D94: 6 | E94: 34.1 | F94: 35 | G94: =(9.6/14)*E94 -> 23.382857 | H94: 20 | I94: 38
D95: 10 | E95: 57.5 | F95: 35 | G95: =(9.6/14)*E95 -> 39.428571 | H95: 33.5 | I95: 38
D96: 16 | E96: 91.5 | F96: 35 | G96: =(9.6/14)*E96 -> 62.742857 | H96: 53 | I96: 38
D97: 25 | E97: 144.8 | F97: 35 | G97: =(9.6/14)*E97 -> 99.291429 | H97: 85 | I97: 38
D98: 35 | E98: 201 | F98: 35.1 | G98: =(9.6/14)*E98 -> 137.82857 | H98: 120 | I98: 38
D99: 50 | E99: 272.1 | F99: 35.1 | G99: =(9.6/14)*E99 -> 186.58286 | H99: 163 | I99: 38

Sheet Batteriutregninger
B3: 2t | C3: =SUM('Effektkalkulator ice'!B37) -> 3849.5 | D3: =SUM(C3/685) -> 5.619708 | E3: =ROUNDUP(D3/4,0) -> 2
B4: 4t | C4: =SUM('Effektkalkulator ice'!B38) -> 3677.75 | D4: =SUM(C4/385) -> 9.5525974 | E4: =ROUNDUP(D4/4,0) -> 3
C7: antall blokker:
D15: 2T | E15: 4T
C16: 785 | D16: 685 | E16: 385
D17: =SUM(D16*4) -> 2740
